"","Degree","Betweenness","Eigenvecto","Constraint"
"105lgwm",157,151107,1,0.00636942675159233
"14ec8zx",28,20343,0,0.0357142857142857
"126rjun",12,1095,0,0.0833333333333334
"12vl57c",12,192,0,0.0833333333333334
"1134ddq",67,70826,0,0.0149253731343283
"128r3j5",85,90598,0,0.0117647058823529
"10jd9xf",20,24470,0,0.05
"124tz2b",89,65741,0,0.0112359550561798
"jovqu4h",3,2287,0,0.333333333333333
"jouk353",8,3332,0,0.125
"jou45gn",9,11596,0,0.111111111111111
"jouf15m",2,3417,0,0.5
"jougrmi",4,4872,0,0.25
"jov2kwv",3,433,0,0.333333333333333
"jouxs1g",2,217,0,0.5
"jox5kmt",1,0,0,1
"jou2pq7",4,5041,0,0.25
"jovod3w",2,217,0,0.5
"jovrebm",1,0,0,1
"joy1hvf",2,217,0,0.5
"jozgsqd",1,0,0,1
"jovu321",1,0,0,1
"jow2op6",2,432,0,0.5
"joxqb6a",1,0,0,1
"jour7yd",3,647,0,0.333333333333333
"joufpxt",1,0,0,1
"joua77o",2,1477,0,0.5
"jowgtuh",1,0,0,1
"jowf9e8",4,1073,0,0.25
"jovd894",2,432,0,0.5
"jovva00",2,432,0,0.5
"jowpu8l",3,433,0,0.333333333333333
"jouv2lt",2,217,0,0.5
"jowsv4a",1,0,0,1
"jovf7fq",1,0,0,1
"jp14iwe",1,0,0,1
"jowhmyd",2,1881,0,0.5
"joz3c0i",1,0,0,1
"jovumnq",2,1065,0,0.5
"jovx55r",1,0,0,1
"joxxg8p",2,432,0,0.5
"jov2gtf",2,217,0,0.5
"joxm8fu",2,217,0,0.5
"joxx44b",1,0,0,1
"joz4fsj",1,0,0,1
"jou83hj",2,4992,0,0.5
"jovfc6b",3,647,0,0.333333333333333
"jowaxz8",1,0,0,1
"jouwdno",2,645,0,0.5
"jov7oyg",4,1491,0,0.25
"jow123n",1,0,0,1
"joufvh2",7,3893,0,0.142857142857143
"joz7xs8",1,0,0,1
"jovy4sf",9,3323,0,0.111111111111111
"joux631",4,4413,0,0.25
"jowo4p4",1,0,0,1
"joxd7q5",1,0,0,1
"jows7wa",1,0,0,1
"jowl368",1,0,0,1
"jovwnlt",1,0,0,1
"jou93xk",2,4485,0,0.5
"joza6ut",1,0,0,1
"joxxl3b",1,0,0,1
"joxelgw",1,0,0,1
"joyhyxv",1,0,0,1
"jp599ir",2,217,0,0.5
"jozbaie",1,0,0,1
"joxykcg",2,217,0,0.5
"jov2agt",2,1272,0,0.5
"jowvqbi",2,217,0,0.5
"joxylye",2,217,0,0.5
"jp58sz1",1,0,0,1
"jox3ome",2,217,0,0.5
"joxyglu",2,217,0,0.5
"joyizd9",1,0,0,1
"jowvt3d",1,0,0,1
"jowlj5q",1,0,0,1
"jox4l9f",4,1699,0,0.25
"joxs6xp",2,856,0,0.5
"joz7rvp",2,217,0,0.5
"jovl2b7",1,0,0,1
"joz7h09",1,0,0,1
"jouaybr",4,4931,0,0.25
"jowxqbr",2,217,0,0.5
"jowvel3",1,0,0,1
"jowuwdx",2,432,0,0.5
"jovbyxx",2,217,0,0.5
"jowlt1n",1,0,0,1
"jovvou8",2,645,0,0.5
"jouzzfy",2,217,0,0.5
"jov1qp5",2,432,0,0.5
"jougiev",4,2107,0,0.25
"jowzxhr",1,0,0,1
"jov6qye",1,0,0,1
"joupnjj",1,0,0,1
"jovzg6t",5,1494,0,0.2
"joxdtac",1,0,0,1
"joxjuw7",1,0,0,1
"jowgsda",2,217,0,0.5
"jowd14q",1,0,0,1
"joxln3a",1,0,0,1
"joxwue7",1,0,0,1
"joz8brl",1,0,0,1
"jov2ycx",3,3089,0,0.333333333333333
"jovp8wq",1,0,0,1
"jovvs72",2,856,0,0.5
"joubn6y",2,4312,0,0.5
"jpc1e95",1,0,0,1
"joy6dan",1,0,0,1
"jowm4q0",2,1065,0,0.5
"jp4ilao",1,0,0,1
"jp4ies6",1,0,0,1
"joxt7kx",1,0,0,1
"joy5mza",1,0,0,1
"joxgjas",2,432,0,0.5
"jox64km",1,0,0,1
"joxx0jx",2,645,0,0.5
"joxzdik",2,645,0,0.5
"jp81cxz",1,0,0,1
"joubfyt",2,432,0,0.5
"jouwugd",2,217,0,0.5
"joub86o",7,3901,0,0.142857142857143
"jowy2of",1,0,0,1
"joxqvwg",2,217,0,0.5
"jp0pbus",1,0,0,1
"jox6so7",2,432,0,0.5
"jovlu80",1,0,0,1
"jov2gqt",2,217,0,0.5
"joulfq9",2,1065,0,0.5
"jouxcxi",2,432,0,0.5
"jowsqwb",1,0,0,1
"jow6r5b",2,217,0,0.5
"jowuanj",3,433,0,0.333333333333333
"joxd33t",1,0,0,1
"joyk5hf",1,0,0,1
"joxiish",1,0,0,1
"jovbgb6",2,2080,0,0.5
"jox7621",3,647,0,0.333333333333333
"jovwj27",2,645,0,0.5
"joulcwn",5,4194,0,0.2
"joxndm8",2,856,0,0.5
"joxx29u",2,217,0,0.5
"jp5p0hz",2,432,0,0.5
"joy19hr",3,433,0,0.333333333333333
"jox6hlc",2,217,0,0.5
"jownsjy",1,0,0,1
"jougdun",4,1901,0,0.25
"jovv2ge",1,0,0,1
"jouja8c",2,432,0,0.5
"jouzggd",2,432,0,0.5
"jov4rpk",1,0,0,1
"jowdf0t",1,0,0,1
"joxtrou",1,0,0,1
"joxz8r4",2,217,0,0.5
"jov374n",1,0,0,1
"jousxid",3,859,0,0.333333333333333
"jow0zgi",2,217,0,0.5
"joz84yu",1,0,0,1
"jowxvmo",1,0,0,1
"joxjzuq",1,0,0,1
"jovt9jc",2,1881,0,0.5
"jox9j76",2,217,0,0.5
"joxxdzb",1,0,0,1
"jovyk5s",2,432,0,0.5
"jourwdk",7,3523,0,0.142857142857143
"jov6xiu",1,0,0,1
"jov4pp3",1,0,0,1
"jox9ng1",1,0,0,1
"jp15f4f",2,645,0,0.5
"joybv98",1,0,0,1
"jp7sd1o",2,217,0,0.5
"joy6ths",1,0,0,1
"joyeit0",1,0,0,1
"joxg99y",1,0,0,1
"jovwbln",3,1069,0,0.333333333333333
"jouggy0",1,0,0,1
"jouwzm2",2,217,0,0.5
"jovc2w9",2,217,0,0.5
"jov577l",2,217,0,0.5
"jp19pwg",1,0,0,1
"jowimgq",1,0,0,1
"jowiqrz",2,432,0,0.5
"jowgnz0",1,0,0,1
"jovyafx",4,1700,0,0.25
"joxpv9y",1,0,0,1
"jovzff3",2,217,0,0.5
"jov600m",1,0,0,1
"jov5lxa",2,432,0,0.5
"jout97n",1,0,0,1
"jov9vog",1,0,0,1
"jov717o",3,647,0,0.333333333333333
"jov6rc0",2,1272,0,0.5
"jp1on38",2,432,0,0.5
"jp86tvf",1,0,0,1
"jow12yw",2,645,0,0.5
"jowdebj",1,0,0,1
"jowdq83",1,0,0,1
"jox4ix1",1,0,0,1
"jov68yw",1,0,0,1
"jox0xfk",2,217,0,0.5
"jowh6gb",4,648,0,0.25
"joz8kc0",2,217,0,0.5
"jp4m6wa",2,217,0,0.5
"jowe9gf",1,0,0,1
"jovbj6h",2,217,0,0.5
"jov8yln",2,217,0,0.5
"joxxypf",1,0,0,1
"jov9fae",3,1071,0,0.333333333333333
"jp38tg8",2,217,0,0.5
"jowhueb",2,432,0,0.5
"jox2nxb",1,0,0,1
"jowsrnt",1,0,0,1
"jowmbbv",1,0,0,1
"joxxbzl",1,0,0,1
"jp171sz",1,0,0,1
"jp50w6n",1,0,0,1
"jovfip0",1,0,0,1
"jovcxk7",1,0,0,1
"jovcjh0",2,217,0,0.5
"jovc4ue",2,432,0,0.5
"jp4etrw",1,0,0,1
"jox46xh",2,217,0,0.5
"jovd5o6",1,0,0,1
"jovdlh1",2,217,0,0.5
"jox6j2k",1,0,0,1
"jovxqsi",1,0,0,1
"j5kdk4z",4,13388,0,0.25
"j5kibps",2,1928,0,0.5
"j5k6xtq",1,0,0,1
"j5jr8xj",13,15376,0,0.0769230769230769
"j5lulzf",2,980,0,0.5
"j5on1pu",1,0,0,1
"j5l88kd",2,248,0,0.5
"j5kki1n",1,0,0,1
"j5kkzqx",6,1712,0,0.166666666666667
"j5ke2n3",3,7796,0,0.333333333333333
"j5ktc2u",3,495,0,0.333333333333333
"j5mnbxv",1,0,0,1
"j5ll7rd",1,0,0,1
"j5latw6",2,494,0,0.5
"j5kfial",1,0,0,1
"j5kvv16",2,1928,0,0.5
"j5kwah6",1,0,0,1
"j5kl3ve",4,3339,0,0.25
"j5mbz8c",1,0,0,1
"j5t2oe3",1,0,0,1
"j5kq28y",6,11961,0,0.166666666666667
"j5l4ijh",2,1220,0,0.5
"j5ppvd7",3,740,0,0.333333333333333
"j5l9s9h",3,1700,0,0.333333333333333
"j5jw3su",3,2636,0,0.333333333333333
"j5js2sf",3,4599,0,0.333333333333333
"j5l81x2",1,0,0,1
"j5l8pkx",1,0,0,1
"j5k0znq",2,1220,0,0.5
"j5kl4ch",1,0,0,1
"j5k42ot",3,740,0,0.333333333333333
"j5k4ka4",1,0,0,1
"j5k1dnf",3,5684,0,0.333333333333333
"j5kxjn1",1,0,0,1
"j5kvqnh",1,0,0,1
"j5pb49k",1,0,0,1
"j5mynw4",2,738,0,0.5
"j5mjnn6",1,0,0,1
"j5kqtb8",1,0,0,1
"j5mdvdy",1,0,0,1
"j5krio6",2,494,0,0.5
"j5l1oms",1,0,0,1
"j5l2wy0",1,0,0,1
"j5knm8j",2,3944,0,0.5
"j5kolqz",5,3797,0,0.2
"j5l7ibq",1,0,0,1
"j5u37hu",1,0,0,1
"j5on763",2,248,0,0.5
"j5l7ro7",2,1694,0,0.5
"j5kngio",1,0,0,1
"j5kua1k",3,1935,0,0.333333333333333
"j5kzb10",2,738,0,0.5
"j5l0jxs",1,0,0,1
"j5kwo0k",4,10290,0,0.25
"j5kv61j",2,248,0,0.5
"j5l9zmo",4,985,0,0.25
"j5nwfxr",1,0,0,1
"j5l6lib",4,985,0,0.25
"j5q3z1y",2,248,0,0.5
"j5sqex8",1,0,0,1
"j5lxt6e",4,1227,0,0.25
"j5m2kzd",1,0,0,1
"j5kc1zg",3,1935,0,0.333333333333333
"j5kbfhu",2,248,0,0.5
"j5k1uii",7,4263,0,0.142857142857143
"j5o75jv",1,0,0,1
"j5kcwgo",2,980,0,0.5
"j5k64fw",2,248,0,0.5
"j5k5n1d",1,0,0,1
"j5n5ema",2,4580,0,0.5
"j5k9247",3,740,0,0.333333333333333
"j5nb00n",2,494,0,0.5
"j5l2xod",2,248,0,0.5
"j5kx148",3,3791,0,0.333333333333333
"j5kpdgj",4,2175,0,0.25
"j5kq1nj",3,740,0,0.333333333333333
"j5nzw8w",1,0,0,1
"j5ow5y5",1,0,0,1
"j5pm4w4",1,0,0,1
"j5l80t8",2,1458,0,0.5
"j5lwhs9",2,1458,0,0.5
"j5kz0ok",1,0,0,1
"j5l09lo",2,494,0,0.5
"j5lg6nt",2,248,0,0.5
"j5o62xw",2,248,0,0.5
"j5mxluf",2,9338,0,0.5
"j5kwboh",1,0,0,1
"j5m1kbn",2,248,0,0.5
"j5n454r",1,0,0,1
"j5lczgg",1,0,0,1
"j5llkhc",1,0,0,1
"j5lnh1t",1,0,0,1
"j5mbpms",2,248,0,0.5
"j5q4kjb",1,0,0,1
"j5mta41",1,0,0,1
"j5n5iue",2,494,0,0.5
"j5ojot3",1,0,0,1
"j5kdde0",3,1463,0,0.333333333333333
"j5p32t7",1,0,0,1
"j5kdkkr",1,0,0,1
"j5k755w",5,2187,0,0.2
"j5l0lne",2,248,0,0.5
"j5omxrq",2,248,0,0.5
"j5k2jg5",1,0,0,1
"j5kvxrb",1,0,0,1
"j5pi5k9",2,248,0,0.5
"j5kgdrw",3,740,0,0.333333333333333
"j5k7ylc",1,0,0,1
"j5nxor2",2,4370,0,0.5
"j5kc994",2,248,0,0.5
"j5n5zv7",1,0,0,1
"j5nfp1c",2,248,0,0.5
"j5l3jzo",1,0,0,1
"j5vzkq7",2,1928,0,0.5
"j5kxwuj",5,1470,0,0.2
"j5ktxeh",1,0,0,1
"j5l17ob",1,0,0,1
"j5ku63y",3,1463,0,0.333333333333333
"j5l4rs1",1,0,0,1
"j5n7lzx",2,248,0,0.5
"j5lmyz5",3,1224,0,0.333333333333333
"j5m0u39",2,1220,0,0.5
"j5lj2yh",2,248,0,0.5
"j5m6flg",1,0,0,1
"j5poh0w",1,0,0,1
"j5n2oh1",4,9267,0,0.25
"j5o8ado",1,0,0,1
"j5nfkss",1,0,0,1
"j5oi008",2,248,0,0.5
"j5kl88h",1,0,0,1
"j5kfgv6",3,984,0,0.333333333333333
"j5ke3r1",2,494,0,0.5
"j5lb3ub",1,0,0,1
"j5kc8wm",2,738,0,0.5
"j5olcg8",1,0,0,1
"j5o7bqs",1,0,0,1
"j5onkfc",1,0,0,1
"j5pkwsi",1,0,0,1
"j5kpqlj",2,248,0,0.5
"j5od2ys",1,0,0,1
"j5okjex",2,4158,0,0.5
"j5kcvy2",1,0,0,1
"j5nije9",1,0,0,1
"j5w0805",2,1694,0,0.5
"j5kydrp",1,0,0,1
"j5mdq44",1,0,0,1
"j5n32ap",2,494,0,0.5
"j5u2wgh",1,0,0,1
"j5lueph",2,980,0,0.5
"j5oi09d",1,0,0,1
"j5nbcjf",1,0,0,1
"j5m6x1x",3,740,0,0.333333333333333
"j5omo4x",1,0,0,1
"j5m1nfx",2,980,0,0.5
"j5lnzgf",1,0,0,1
"j5nwl7f",1,0,0,1
"j5n4sq9",4,9030,0,0.25
"j5nsvko",1,0,0,1
"j5pr1q4",1,0,0,1
"j5ksb33",2,248,0,0.5
"j5khm13",2,248,0,0.5
"j5lbfsh",2,248,0,0.5
"j5ke8us",2,494,0,0.5
"j5l32bo",1,0,0,1
"j5osebr",4,4010,0,0.25
"j5w4yao",2,1458,0,0.5
"j5npg13",2,248,0,0.5
"j5m8xj2",3,740,0,0.333333333333333
"j5otrxf",1,0,0,1
"j5mlubr",2,248,0,0.5
"j5m44uh",2,738,0,0.5
"j5ng8dz",5,1712,0,0.2
"j5n6t7x",7,7142,0,0.142857142857143
"j5nogi9",2,248,0,0.5
"j5kspge",1,0,0,1
"j5npoa8",1,0,0,1
"j5lz28c",1,0,0,1
"j5l0urr",2,248,0,0.5
"j5otpda",2,248,0,0.5
"j5oue4k",2,494,0,0.5
"j695cte",2,2618,0,0.5
"j5w5e56",2,1220,0,0.5
"j5oqyz7",1,0,0,1
"j5osx5l",2,248,0,0.5
"j5oj65a",1,0,0,1
"j5mmcpg",1,0,0,1
"j5m4j2y",2,494,0,0.5
"j5oub4e",2,248,0,0.5
"j5qxflg",2,248,0,0.5
"j5s1dav",2,248,0,0.5
"j6qa4xt",1,0,0,1
"j5nxl9r",3,1704,0,0.333333333333333
"j5nfzos",2,1220,0,0.5
"j5nofav",2,738,0,0.5
"j5njc50",2,248,0,0.5
"j5nohpx",3,495,0,0.333333333333333
"j5nsy3l",2,1694,0,0.5
"j5nxabp",1,0,0,1
"j5le3en",1,0,0,1
"j5owef2",1,0,0,1
"j5oxvyc",2,248,0,0.5
"j6b0vyd",2,2390,0,0.5
"j60yfnc",2,980,0,0.5
"j5pe6ub",1,0,0,1
"j5m9alp",2,248,0,0.5
"j5pp8y6",1,0,0,1
"j5qzpxf",1,0,0,1
"j5s30vu",1,0,0,1
"j5oiu3r",2,980,0,0.5
"j5zpomj",2,248,0,0.5
"j5nggca",2,980,0,0.5
"j5nt4iw",2,494,0,0.5
"j5nt0wb",1,0,0,1
"j5ofsj1",1,0,0,1
"j5nspkp",1,0,0,1
"j5oh4hf",2,1458,0,0.5
"j5p1gct",1,0,0,1
"j6b0yqw",2,2160,0,0.5
"j612icg",2,738,0,0.5
"j5mb5aa",1,0,0,1
"j5smxai",2,738,0,0.5
"j62ghfc",1,0,0,1
"j5nnc9x",2,738,0,0.5
"j5of0od",2,248,0,0.5
"j5oi2is",2,1220,0,0.5
"j6b1d31",2,1928,0,0.5
"j62qpbb",2,494,0,0.5
"j5tidm1",2,494,0,0.5
"j5ohk8x",2,494,0,0.5
"j5ohvab",1,0,0,1
"j5ojfn0",2,980,0,0.5
"j6b34wv",2,1694,0,0.5
"j62qtxg",2,248,0,0.5
"j5tknj6",2,248,0,0.5
"j5ouubc",2,248,0,0.5
"j5pxc6j",2,738,0,0.5
"j6cqine",2,1458,0,0.5
"j64rv6v",1,0,0,1
"j5tothu",1,0,0,1
"j5ovf1y",1,0,0,1
"j5q011h",2,494,0,0.5
"j6cz58h",2,1220,0,0.5
"j5sr4mf",2,248,0,0.5
"j6fh5ge",2,980,0,0.5
"j5tmo57",1,0,0,1
"j6fp5lr",2,738,0,0.5
"j6kf2r3",2,494,0,0.5
"j6ksljw",2,248,0,0.5
"j6l5vui",1,0,0,1
"jhbskvl",1,0,0,1
"jhccvc4",1,0,0,1
"jhbrven",2,20,0,0.5
"jhca6oo",1,0,0,1
"jhcw6zv",1,0,0,1
"jhd2iki",1,0,0,1
"jhbtjah",2,20,0,0.5
"jhc300x",4,73,0,0.25
"jhbno94",2,54,0,0.5
"jhbogqt",1,0,0,1
"jhbmyp4",1,0,0,1
"jhcfs48",1,0,0,1
"jhbs0na",1,0,0,1
"jhccaeh",1,0,0,1
"jhmxdxf",1,0,0,1
"jhc3fam",2,20,0,0.5
"jhctp4c",1,0,0,1
"jhbs980",3,39,0,0.333333333333333
"jhdb3oq",1,0,0,1
"jhbvtnq",1,0,0,1
"jhbzt3b",1,0,0,1
"jek57uz",18,36667,0,0.0555555555555556
"jekkac0",1,0,0,1
"jekfuur",5,9444,0,0.2
"jeki4wb",2,19800,0,0.5
"jekcss6",4,3953,0,0.25
"jekkixx",3,7309,0,0.333333333333333
"jelioyu",1,0,0,1
"jek00mk",4,14452,0,0.25
"jek0j2h",2,445,0,0.5
"jekdlaq",8,7832,0,0.125
"jejxzht",8,17135,0,0.125
"jem8fob",1,0,0,1
"jek7aoc",2,445,0,0.5
"jekifgz",3,2645,0,0.333333333333333
"jejxee5",2,445,0,0.5
"jekfn14",2,445,0,0.5
"jekwpr7",1,0,0,1
"jemuj2p",1,0,0,1
"jelkftm",1,0,0,1
"jejy7o2",3,9349,0,0.333333333333333
"jek1385",3,2645,0,0.333333333333333
"jelpegv",1,0,0,1
"jelarlg",1,0,0,1
"jempqnx",1,0,0,1
"jennoaf",2,445,0,0.5
"jetjqv3",1,0,0,1
"jek0sld",7,7828,0,0.142857142857143
"jekolev",1,0,0,1
"jekjwfu",1,0,0,1
"jek1b08",2,888,0,0.5
"jek3n1y",1,0,0,1
"jek3rjt",1,0,0,1
"jelov2s",1,0,0,1
"jelusqv",1,0,0,1
"jelyike",1,0,0,1
"jen0k0c",1,0,0,1
"jenhtsg",1,0,0,1
"jeka69v",2,445,0,0.5
"jekt40l",1,0,0,1
"jekx7ki",2,888,0,0.5
"jempxdn",1,0,0,1
"jend55w",1,0,0,1
"jekc0vr",1,0,0,1
"jekvgzs",1,0,0,1
"jel9zk5",1,0,0,1
"jekkag1",2,445,0,0.5
"jekw3ou",1,0,0,1
"jekap2h",1,0,0,1
"jekdtir",1,0,0,1
"jekfhlr",1,0,0,1
"jekjj1x",1,0,0,1
"jel1j91",1,0,0,1
"jel4273",1,0,0,1
"jelb6pb",1,0,0,1
"jemahok",1,0,0,1
"jeml8bw",1,0,0,1
"jek4jlv",1,0,0,1
"jekcvfh",3,1771,0,0.333333333333333
"jekx821",1,0,0,1
"jeka9ox",2,888,0,0.5
"jel2lw5",1,0,0,1
"jem5myq",1,0,0,1
"jeknkj1",2,888,0,0.5
"jen281i",2,445,0,0.5
"jek4n44",1,0,0,1
"jek9hqs",1,0,0,1
"jel5icy",1,0,0,1
"jelf7b9",1,0,0,1
"jem0f69",1,0,0,1
"jem3grf",1,0,0,1
"jem6v0o",1,0,0,1
"jem8gcf",1,0,0,1
"jemjfae",1,0,0,1
"jemo6pm",1,0,0,1
"jemytd2",1,0,0,1
"jen4vty",1,0,0,1
"jenbl3j",1,0,0,1
"jenc5v0",1,0,0,1
"jeoaziu",1,0,0,1
"jeolwoc",1,0,0,1
"jeqq154",1,0,0,1
"jer2vle",1,0,0,1
"jes0fb8",1,0,0,1
"jes81l3",1,0,0,1
"jetfj91",1,0,0,1
"jekekzi",12,23641,0,0.0833333333333334
"jem15m8",3,889,0,0.333333333333333
"jelms07",2,445,0,0.5
"jekje7f",3,6515,0,0.333333333333333
"jekquyw",2,445,0,0.5
"jelawqr",1,0,0,1
"jeltyj0",1,0,0,1
"jenm19a",1,0,0,1
"jenodkd",1,0,0,1
"jekxn9q",2,1329,0,0.5
"jelsd9r",1,0,0,1
"jem06g4",1,0,0,1
"jemt5ix",1,0,0,1
"jeoqldf",1,0,0,1
"jep249x",1,0,0,1
"jetbhqk",1,0,0,1
"jgctbgq",1,0,0,1
"jekuxj8",3,6061,0,0.333333333333333
"jel94e0",2,1768,0,0.5
"jel5maf",1,0,0,1
"jekpg7f",1,0,0,1
"jekw737",5,19680,0,0.2
"jel60k8",3,2209,0,0.333333333333333
"jelrejl",2,445,0,0.5
"jemdr05",1,0,0,1
"jelka6j",2,6465,0,0.5
"jemx8m1",1,0,0,1
"jek7eln",9,13563,0,0.111111111111111
"jekmvre",1,0,0,1
"jelmjpk",1,0,0,1
"jekv9c1",1,0,0,1
"jekvwq0",2,2205,0,0.5
"jeknsjv",2,1329,0,0.5
"jeky7cw",1,0,0,1
"jel67si",1,0,0,1
"jencvbc",2,445,0,0.5
"jellehs",2,888,0,0.5
"jekzalg",1,0,0,1
"jek3tvj",5,6933,0,0.2
"jek14vl",4,7357,0,0.25
"jekizks",2,445,0,0.5
"jekxu8w",1,0,0,1
"jelmux4",1,0,0,1
"jekyede",1,0,0,1
"jeldlim",1,0,0,1
"jek8en0",1,0,0,1
"jelg5sr",2,1768,0,0.5
"jemr3w1",1,0,0,1
"jellgt8",1,0,0,1
"jemmrg4",1,0,0,1
"jek009c",4,8609,0,0.25
"jek0kdy",1,0,0,1
"jemqty0",1,0,0,1
"jelwoie",3,1772,0,0.333333333333333
"jep1qwl",1,0,0,1
"jek20gl",2,2205,0,0.5
"jem0uxu",1,0,0,1
"jekavks",1,0,0,1
"jekalcr",2,445,0,0.5
"jek1uum",2,888,0,0.5
"jelhu5d",2,1768,0,0.5
"jek57es",2,445,0,0.5
"jell2pz",1,0,0,1
"jeky6ii",2,445,0,0.5
"jeor32k",1,0,0,1
"jekdjo5",3,889,0,0.333333333333333
"jekitrb",1,0,0,1
"jekjazp",2,445,0,0.5
"jekp923",2,445,0,0.5
"jen3xdn",1,0,0,1
"jeknkuy",11,12775,0,0.0909090909090909
"jelkj2m",5,2214,0,0.2
"jekh7lr",1,0,0,1
"jeksua3",6,3091,0,0.166666666666667
"jektqb3",2,445,0,0.5
"jem5xal",1,0,0,1
"jenmb99",2,1329,0,0.5
"jelbjur",2,445,0,0.5
"jempcnd",1,0,0,1
"jepwfyr",1,0,0,1
"jerf27i",1,0,0,1
"jensej5",1,0,0,1
"jenfzpz",1,0,0,1
"jeoi340",1,0,0,1
"jekqg6w",4,3948,0,0.25
"jel2znc",3,1771,0,0.333333333333333
"jerulh0",1,0,0,1
"jekzwdh",2,888,0,0.5
"jem9dnn",3,5219,0,0.333333333333333
"jendrpa",1,0,0,1
"jem5dko",3,1331,0,0.333333333333333
"jekyhlh",1,0,0,1
"jelbf7t",13,18147,0,0.0769230769230769
"jelkgwb",2,888,0,0.5
"jely5u1",1,0,0,1
"jelvjc5",2,1329,0,0.5
"jenbtn4",1,0,0,1
"jensrsg",1,0,0,1
"jelqho4",7,6121,0,0.142857142857143
"jek9pou",3,7335,0,0.333333333333333
"jek9pz9",3,3085,0,0.333333333333333
"jekd0ni",1,0,0,1
"jekb2ik",1,0,0,1
"jekc79i",1,0,0,1
"jelko8k",1,0,0,1
"jek8hii",1,0,0,1
"jekie3q",1,0,0,1
"jel24xx",4,1773,0,0.25
"jeln8gd",2,888,0,0.5
"jeng58v",1,0,0,1
"jemlgxl",2,445,0,0.5
"jek75ww",2,445,0,0.5
"jekstkp",1,0,0,1
"jek642t",3,4795,0,0.333333333333333
"jemuuv5",1,0,0,1
"jek1aqk",3,4803,0,0.333333333333333
"jek7644",3,1331,0,0.333333333333333
"jemuxe7",1,0,0,1
"jend1zy",1,0,0,1
"jelhi9f",2,1329,0,0.5
"jek3bvt",3,5659,0,0.333333333333333
"jek03li",2,1768,0,0.5
"jembarn",1,0,0,1
"jenpnqy",2,445,0,0.5
"jemvkoa",2,445,0,0.5
"jek354p",3,1771,0,0.333333333333333
"jekq3um",1,0,0,1
"jek540l",2,445,0,0.5
"jelja8p",2,1329,0,0.5
"jeke003",1,0,0,1
"jel1ijd",1,0,0,1
"jekewur",1,0,0,1
"jeke86z",1,0,0,1
"jelvazz",1,0,0,1
"jekskrj",1,0,0,1
"jekpxza",5,6933,0,0.2
"jemw564",1,0,0,1
"jemxhbv",2,445,0,0.5
"jeohm8e",1,0,0,1
"jelge0m",2,445,0,0.5
"jembu53",2,445,0,0.5
"jenaelx",2,445,0,0.5
"jel96ef",1,0,0,1
"jem18yg",1,0,0,1
"jeo7atx",1,0,0,1
"jelzl1f",1,0,0,1
"jepg80a",2,445,0,0.5
"jeoi2fe",1,0,0,1
"jen9koj",1,0,0,1
"jelvwvd",1,0,0,1
"jelgoln",1,0,0,1
"jemaqhz",3,889,0,0.333333333333333
"jenhvwy",1,0,0,1
"jep5l8o",1,0,0,1
"jeku61l",1,0,0,1
"jenz3be",2,888,0,0.5
"jelkdgl",1,0,0,1
"jel5yvu",4,2649,0,0.25
"jennuya",1,0,0,1
"jep2af9",1,0,0,1
"jelgr70",1,0,0,1
"jelgu60",2,888,0,0.5
"jel1jt4",2,445,0,0.5
"jemkaia",2,4360,0,0.5
"jenr8op",1,0,0,1
"jen3mhq",1,0,0,1
"jempl6p",2,445,0,0.5
"jellnl8",2,2205,0,0.5
"jenvshw",1,0,0,1
"jelwwic",3,1331,0,0.333333333333333
"jenbp9q",2,2205,0,0.5
"jenbi8i",2,1768,0,0.5
"jelv5rk",2,2205,0,0.5
"jempvv3",3,2648,0,0.333333333333333
"jeljj3x",1,0,0,1
"jencvsx",2,445,0,0.5
"jenrfkh",2,445,0,0.5
"jeoqsly",2,445,0,0.5
"jep5ull",1,0,0,1
"jelutu2",2,445,0,0.5
"jevrbzw",2,888,0,0.5
"jem30nd",4,2212,0,0.25
"jen3797",1,0,0,1
"jelwen8",2,445,0,0.5
"jeoq23i",1,0,0,1
"jemxc6l",2,445,0,0.5
"jepuqwx",2,445,0,0.5
"jem2iyd",3,889,0,0.333333333333333
"jel0b0t",5,5685,0,0.2
"jekpkxt",2,888,0,0.5
"jelflx5",2,1329,0,0.5
"jemnzsq",2,445,0,0.5
"jel6x2c",1,0,0,1
"jelgqkh",1,0,0,1
"jemb1qk",2,445,0,0.5
"jemwadv",1,0,0,1
"jekwd6m",1,0,0,1
"jekbe5k",3,3951,0,0.333333333333333
"jelxk5x",1,0,0,1
"jek2u6b",4,3521,0,0.25
"jekprcw",2,445,0,0.5
"jeka9u6",2,445,0,0.5
"jekict8",1,0,0,1
"jelif95",2,888,0,0.5
"jeken6y",4,3956,0,0.25
"jekbmd3",2,888,0,0.5
"jek4h4o",2,1329,0,0.5
"jereqbb",1,0,0,1
"jemvy3f",1,0,0,1
"jek4g61",3,889,0,0.333333333333333
"jel33se",1,0,0,1
"jelr4xt",1,0,0,1
"jelld7x",2,888,0,0.5
"jela722",6,4819,0,0.166666666666667
"jeo9aos",1,0,0,1
"jenohls",2,445,0,0.5
"jemes7o",1,0,0,1
"jeopn8e",1,0,0,1
"jell6y1",1,0,0,1
"jemuomk",1,0,0,1
"jenfo7f",1,0,0,1
"jer2qan",1,0,0,1
"jeoigdh",1,0,0,1
"jemqwsg",1,0,0,1
"jep2ovg",2,445,0,0.5
"jel7klq",2,1329,0,0.5
"jennw1m",1,0,0,1
"jf1h7y8",1,0,0,1
"jelppmo",2,445,0,0.5
"jel2a0d",1,0,0,1
"jemr8kt",2,3933,0,0.5
"jempppt",1,0,0,1
"jelzgw5",2,1768,0,0.5
"jen7ee1",2,445,0,0.5
"jelyode",1,0,0,1
"jeng4u6",2,1768,0,0.5
"jenhxqv",2,1329,0,0.5
"jelyxck",2,1768,0,0.5
"jen7z2p",2,1329,0,0.5
"jesen57",2,445,0,0.5
"jenfnem",1,0,0,1
"jeo6b3h",1,0,0,1
"jeorymk",1,0,0,1
"jelw11m",1,0,0,1
"jex51hf",2,445,0,0.5
"jembjxq",2,888,0,0.5
"jen5dsy",1,0,0,1
"jery0hc",1,0,0,1
"jeryd3x",1,0,0,1
"jep1vbz",1,0,0,1
"jeq0pyh",1,0,0,1
"jenbbmr",1,0,0,1
"jen5ws1",1,0,0,1
"jel3vxd",3,2209,0,0.333333333333333
"jelmeum",2,445,0,0.5
"jel52fv",2,1329,0,0.5
"jen5181",1,0,0,1
"jelcqr2",2,445,0,0.5
"jelgzu0",2,888,0,0.5
"jesf61i",1,0,0,1
"jemd9j6",1,0,0,1
"jekblxx",3,889,0,0.333333333333333
"jekld52",2,2205,0,0.5
"jek3jol",2,1768,0,0.5
"jek83lz",1,0,0,1
"jekyhuo",2,445,0,0.5
"jeljbkd",1,0,0,1
"jevr20n",1,0,0,1
"jelj2mf",2,445,0,0.5
"jekivqu",2,1768,0,0.5
"jel84d4",1,0,0,1
"jelih2f",2,888,0,0.5
"jekbqou",2,445,0,0.5
"jekgkmy",2,888,0,0.5
"jel8uu0",1,0,0,1
"jek7fe8",1,0,0,1
"jem4a28",2,445,0,0.5
"jelavda",4,2649,0,0.25
"jem1q33",1,0,0,1
"jelgh0s",1,0,0,1
"jeldvp7",1,0,0,1
"jep57fq",1,0,0,1
"jeppk2b",1,0,0,1
"jep5jjk",1,0,0,1
"jelplzc",2,888,0,0.5
"jemr99t",1,0,0,1
"jen9u9w",2,3504,0,0.5
"jemz0en",3,1331,0,0.333333333333333
"jenxr9c",1,0,0,1
"jenja8m",2,1329,0,0.5
"jenvsfg",2,888,0,0.5
"jelz5dq",2,1329,0,0.5
"jeondmg",2,888,0,0.5
"jetlgkd",1,0,0,1
"jf11qq4",1,0,0,1
"jenc3gc",2,445,0,0.5
"jelbv06",2,1329,0,0.5
"jemsq7k",1,0,0,1
"jelvbss",1,0,0,1
"jel85z9",2,888,0,0.5
"jelgyka",1,0,0,1
"jen2lxu",2,445,0,0.5
"jekk27r",1,0,0,1
"jekkydo",1,0,0,1
"jekpwug",2,1768,0,0.5
"jek9xdl",3,1331,0,0.333333333333333
"jencj7m",1,0,0,1
"jelnbjl",1,0,0,1
"jekjay6",2,1329,0,0.5
"jems5k7",2,445,0,0.5
"jekbtxv",1,0,0,1
"jel2nws",2,445,0,0.5
"jem60ir",1,0,0,1
"jelnkn6",3,1331,0,0.333333333333333
"jen95mf",1,0,0,1
"jer9ts6",1,0,0,1
"jelsfzf",2,445,0,0.5
"jeo6v3f",2,3073,0,0.5
"jen7vbi",2,445,0,0.5
"jescw55",1,0,0,1
"jeo6vc9",2,888,0,0.5
"jeo5b82",2,445,0,0.5
"jem0kjb",2,888,0,0.5
"jeosd2m",2,445,0,0.5
"jenf0ns",1,0,0,1
"jelgoyd",2,888,0,0.5
"jelb8fs",2,445,0,0.5
"jendnuv",1,0,0,1
"jekywev",2,1329,0,0.5
"jel23rq",2,445,0,0.5
"jekbsc3",1,0,0,1
"jeknr17",2,888,0,0.5
"jemtm9e",1,0,0,1
"jel4gs7",1,0,0,1
"jemc841",2,445,0,0.5
"jen22kb",1,0,0,1
"jem0ikh",1,0,0,1
"jepjb1f",2,2640,0,0.5
"jepuiox",1,0,0,1
"jeo7cbi",2,445,0,0.5
"jeop7i4",1,0,0,1
"jem13nd",2,445,0,0.5
"jeprh24",1,0,0,1
"jelkizw",2,445,0,0.5
"jelcb15",1,0,0,1
"jel5lse",2,888,0,0.5
"jel5a8w",1,0,0,1
"jel8dqp",2,445,0,0.5
"jen3n8d",1,0,0,1
"jeptfqp",2,2205,0,0.5
"jeo8ond",1,0,0,1
"jem2ajk",1,0,0,1
"jelqd9g",1,0,0,1
"jel8xxq",2,445,0,0.5
"jemxo1k",1,0,0,1
"jeq3yub",2,1768,0,0.5
"jeldfgv",1,0,0,1
"jequzdp",3,1331,0,0.333333333333333
"jertko3",2,445,0,0.5
"jer3ira",1,0,0,1
"jes885a",1,0,0,1
"j3cilvf",19,48280,0.0899481656607735,0.0526315789473684
"j3bnd5f",28,58016,0.0961790336388331,0.0357142857142857
"j3cvk68",1,0,0.0796005691891161,1
"j3bqjnf",3,8399,0.0806389903428352,0.333333333333333
"j3c2up8",2,1707,0.0801147115491487,0.5
"j3cjuuu",1,0,0.0796005691891162,1
"j3crh6y",1,0,0.0796005691891161,1
"j3bpzp3",6,18617,0.0822258925183461,0.166666666666667
"j3cbxfd",2,571,0.0801081545325581,0.5
"j3by3to",3,4519,0.0806323472275509,0.333333333333333
"j3bvrhf",3,7279,0.0806289398619731,0.333333333333333
"j3dsyo4",2,5067,0.0801114543553816,0.5
"j3bwg35",3,5636,0.0806356692035891,0.333333333333333
"j3cfalw",3,1141,0.0806222548124294,0.333333333333333
"j3c9i2c",1,0,0.0796005691891162,1
"j3cdyi6",2,571,0.0801081545325581,0.5
"j3eo89w",1,0,0.0796005691891161,1
"j3bsqm7",3,3405,0.0806288962628838,0.333333333333333
"j3fhf42",2,571,0.0801081545325581,0.5
"j3cv2ng",3,2839,0.0806289177124381,0.333333333333333
"j3c1wg4",2,1707,0.0801114329066826,0.5
"j3bzpod",1,0,0.0796005691891161,1
"j3blxmb",2,571,0.0801081545325581,0.5
"j3ciz0c",1,0,0.0796005691891161,1
"j3d19io",3,1141,0.0806222548124294,0.333333333333333
"j3ff53y",2,571,0.0801081545325581,0.5
"j3evevu",2,571,0.0801081545325581,0.5
"j3g6rge",1,0,0.0796005691891162,1
"j3br8qx",3,6755,0.0806356251779025,0.333333333333333
"j3cirjv",1,0,0.0796005691891162,1
"j3c05j2",3,3967,0.0806322388497784,0.333333333333333
"j3dqcsn",1,0,0.0796005691891161,1
"j3e430w",1,0,0.0796005691891162,1
"j3ea5y6",1,0,0.0796005691891162,1
"j3et6ef",1,0,0.0796005691891161,1
"j3wxo7l",1,0,0.0796005691891162,1
"j3c75pr",1,0,0.0796005691891161,1
"j3cbyvd",1,0,0.0796005691891161,1
"j3c2ttt",3,2275,0.0806288962628839,0.333333333333333
"j3csya1",2,1707,0.0801114329066826,0.5
"j3c8zyg",1,0,0.0796005691891162,1
"j3c9r1e",2,571,0.0801081545325581,0.5
"j3cfevk",1,0,0.0796005691891162,1
"j3cmsgt",1,0,0.0796005691891162,1
"j3cw9ii",1,0,0.0796005691891162,1
"j3d0jdb",1,0,0.0796005691891162,1
"j3d1vhv",1,0,0.0796005691891162,1
"j3drywf",2,1707,0.0801114329066826,0.5
"j3e8yah",2,1140,0.0801114120007728,0.5
"j3euwf7",1,0,0.0796005691891162,1
"j3ewklu",1,0,0.0796005691891161,1
"j3ezbar",1,0,0.0796005691891162,1
"j3f2z8x",1,0,0.0796005691891161,1
"j3f6353",1,0,0.0796005691891162,1
"j3f73c8",2,571,0.0801081545325581,0.5
"j3fihs7",1,0,0.0796005691891162,1
"j3fm9m3",1,0,0.0796005691891161,1
"j3g2dtw",1,0,0.0796005691891162,1
"j3h36nk",1,0,0.0796005691891162,1
"j3i8k7k",1,0,0.0796005691891162,1
"j3mwiu6",1,0,0.0796005691891162,1
"j3umhab",1,0,0.0796005691891162,1
"j3bp7jv",3,1141,0.0806222548124294,0.333333333333333
"j3c2n78",3,2839,0.0806255755367844,0.333333333333333
"j3c1ge6",1,0,0.0796005691891162,1
"j3c7aeq",1,0,0.0796005691891161,1
"j3c9rry",3,1141,0.0806222548124294,0.333333333333333
"j3c20g5",4,1710,0.0811429962692137,0.25
"j3c48s2",2,1140,0.0801114120007727,0.5
"j3cl5wx",4,3405,0.0811497455225197,0.25
"j3dacl1",1,0,0.0796005691891162,1
"j3g79pp",1,0,0.0796005691891162,1
"j3c35zf",1,0,0.0796005691891161,1
"j3ceaj8",1,0,0.0796005691891161,1
"j3cb84y",5,2844,0.0816738941972783,0.2
"j3c29c9",1,0,0.0796005691891162,1
"j3chezc",1,0,0.0796005691891161,1
"j3d2x1p",1,0,0.0796005691891162,1
"j3cb1us",1,0,0.0796005691891162,1
"j3cezms",2,2835,0.0801114330417144,0.5
"j3cjd4e",1,0,0.0796005691891161,1
"j3clc1p",1,0,0.0796005691891162,1
"j3coc7h",1,0,0.0796005691891162,1
"j3cytsu",1,0,0.0796005691891161,1
"j3fvzsu",1,0,0.0796005691891162,1
"j3br1he",2,3396,0.0801180971817333,0.5
"j3cbmqa",2,1707,0.0801114329066826,0.5
"j3cjgkt",1,0,0.0796005691891161,1
"j3cl7h4",2,1140,0.0801114120007727,0.5
"j3bzefw",2,571,0.0801081545325581,0.5
"j3e7te1",1,0,0.0796005691891162,1
"j3cde27",2,1707,0.0801114329066826,0.5
"j3cdet6",1,0,0.0796005691891161,1
"j3dxc0y",1,0,0.0796005691891162,1
"j3fgpfz",2,1140,0.0801114120007728,0.5
"j3frhbd",1,0,0.0796005691891162,1
"j3cqu0b",1,0,0.0796005691891161,1
"j3eif7i",1,0,0.0796005691891161,1
"j3dy27f",1,0,0.0796005691891162,1
"j3bqyld",1,0,0.0796005691891162,1
"j3g07g2",1,0,0.0796005691891161,1
"j3cfsbl",2,571,0.0801081545325581,0.5
"j3bta9r",2,571,0.0801081545325581,0.5
"j3bmx2d",4,1710,0.0811429962692137,0.25
"j3c7yfr",1,0,0.0796005691891162,1
"j3cauwa",2,1140,0.0801114120007727,0.5
"j3cdatf",1,0,0.0796005691891162,1
"j3ce80j",1,0,0.0796005691891161,1
"j3cejst",1,0,0.0796005691891161,1
"j3ciirt",1,0,0.0796005691891161,1
"j3cod0c",1,0,0.0796005691891162,1
"j3cyqqj",1,0,0.0796005691891161,1
"j3d9tx6",1,0,0.0796005691891161,1
"j3dx6ak",1,0,0.0796005691891162,1
"j3dxp6l",1,0,0.0796005691891162,1
"j3e7nb6",1,0,0.0796005691891162,1
"j3e8vps",1,0,0.0796005691891162,1
"j3eb3mw",1,0,0.0796005691891161,1
"j3eblh9",1,0,0.0796005691891161,1
"j3ecohi",1,0,0.0796005691891162,1
"j3esgc1",1,0,0.0796005691891162,1
"j3eshth",1,0,0.0796005691891161,1
"j3etomq",1,0,0.0796005691891161,1
"j3etzs5",1,0,0.0796005691891162,1
"j3f29dj",1,0,0.0796005691891161,1
"j3flw6d",2,571,0.0801081545325581,0.5
"j3fr6h2",1,0,0.0796005691891162,1
"j3fstcx",1,0,0.0796005691891162,1
"j3ftnn4",1,0,0.0796005691891161,1
"j3fvsh0",1,0,0.0796005691891161,1
"j3g14us",1,0,0.0796005691891161,1
"j3gydxv",1,0,0.0796005691891161,1
"j3hdvxz",1,0,0.0796005691891161,1
"j3hrywm",1,0,0.0796005691891162,1
"j3idhmc",1,0,0.0796005691891161,1
"j3ihzl4",1,0,0.0796005691891162,1
"j3ipcu9",2,571,0.0801081545325581,0.5
"j3ji4sb",1,0,0.0796005691891161,1
"j3kn481",1,0,0.0796005691891162,1
"j3l94w0",1,0,0.0796005691891162,1
"j3lhfds",1,0,0.0796005691891161,1
"j3lkjph",1,0,0.0796005691891161,1
"j3mnx7r",1,0,0.0796005691891161,1
"j3mxccu",1,0,0.0796005691891162,1
"j3np35t",1,0,0.0796005691891162,1
"j3orfxo",1,0,0.0796005691891162,1
"j3t6rd6",1,0,0.0796005691891161,1
"j53xaux",1,0,0.0796005691891162,1
"j5o6sf8",1,0,0.0796005691891161,1
"j6jp1dz",2,1140,0.0801114120007727,0.5
"j98vs4x",1,0,0.0796005691891161,1
"j9pa4t9",1,0,0.0796005691891161,1
"ja0zhet",2,571,0.0801081545325581,0.5
"ja6vany",1,0,0.0796005691891161,1
"jgevbzn",1,0,0.0796005691891162,1
"jhhrwf0",1,0,0.0796005691891162,1
"ji8xlak",1,0,0.0796005691891161,1
"j3eomoy",7,14992,0.00744574851884685,0.142857142857143
"j3e3yc7",4,6197,0.00729957341856678,0.25
"j3etvxb",4,3407,0.00729956947149757,0.25
"j3fg4v6",2,2272,0.00720617325110683,0.5
"j3g9em0",2,571,0.00720558155467336,0.5
"j3kp3lb",1,0,0.00715992518411448,1
"ja0z6lh",1,0,0.00715992518411448,1
"jgew36v",2,571,0.00720558155467336,0.5
"j3f0nlc",2,2272,0.00720587645048063,0.5
"j3fn94w",2,1140,0.00720587455796398,0.5
"j3emy7k",2,571,0.00720558155467336,0.5
"j3gqvu2",2,1140,0.00720587455796397,0.5
"j3h3odx",2,2272,0.00720587645048063,0.5
"j3ls3kt",2,1140,0.00720587455796397,0.5
"j3sm0vc",2,571,0.00720558155467336,0.5
"j3ur9cr",1,0,0.00715992518411448,1
"j41ktx6",2,571,0.00720558155467337,0.5
"j7j13vh",2,4512,0.00720587645055858,0.5
"j3ck27w",10,12297,0.00812135001915954,0.1
"j3btb7w",4,7876,0.00780588118786474,0.25
"j3c99ue",1,0,0.00765590582171027,1
"j3cdmf9",2,1140,0.00770503818967673,0.5
"j3clktx",2,2272,0.00770535757382007,0.5
"j3ckj26",4,2277,0.00780457641478708,0.25
"j3bvuhq",1,0,0.00765590582171027,1
"j3cef97",5,10076,0.00785798624328203,0.2
"j3c2509",4,4525,0.00780490411789082,0.25
"j3bq3vd",1,0,0.00765590582171027,1
"j3cl6vk",1,0,0.00765590582171027,1
"j3by1ma",5,4535,0.00785596966906365,0.2
"j3cm4aw",1,0,0.00765590582171027,1
"j3ddzjg",2,1707,0.00770535553705097,0.5
"j3cea2t",1,0,0.00765590582171027,1
"j3bx7hy",2,1707,0.00770504020038693,0.5
"j3bpzs9",2,571,0.00770472488953174,0.5
"j3mgn6b",1,0,0.00765590582171027,1
"j3dye1a",1,0,0.00765590582171027,1
"j3ekn4y",1,0,0.00765590582171027,1
"j3eo53p",1,0,0.00765590582171027,1
"j3eveqc",1,0,0.00765590582171027,1
"j3fckdt",1,0,0.00765590582171027,1
"j3kwtr9",1,0,0.00765590582171026,1
"j3ra0gd",1,0,0.00765590582171027,1
"j6q1qra",1,0,0.00765590582171027,1
"j9p7z4a",1,0,0.00765590582171027,1
"j3csbbo",4,1710,0.00654328929254182,0.25
"j3cfhpr",3,5629,0.00650210930570211,0.333333333333333
"j3iqhfh",3,1141,0.00645902868873972,0.333333333333333
"j3c97k1",4,10570,0.00667317626489866,0.25
"j3cv3yh",3,5081,0.00663061656122648,0.333333333333333
"j3ctwqy",2,571,0.00658696450443718,0.5
"j3d34cm",1,0,0.00654522784654343,1
"j3fzv6r",1,0,0.00654522784654344,1
"j3hgpa9",1,0,0.0063766546974813,1
"j3c93gk",4,3407,0.00654356223846934,0.25
"j3npyil",1,0,0.0064183807343675,1
"j3bzclr",3,6181,0.00650102767257382,0.333333333333333
"j3esfun",1,0,0.00641810950612807,1
"j3f3t2x",2,4512,0.00641810946165015,0.5
"j3c21bw",4,3971,0.00654410139233747,0.25
"j3c38yu",2,571,0.00645957464939735,0.5
"j3dfx1k",1,0,0.00641757737237933,1
"j3ebrfp",1,0,0.00641757737237933,1
"j3db7ma",1,0,0.0063766546974813,1
"j3byg3v",2,1140,0.00645929472768344,0.5
"j3c1joi",2,1140,0.00645929472768344,0.5
"j3g0qbo",1,0,0.0063766546974813,1
"j3derun",3,1709,0.00650075117718959,0.333333333333333
"j3dbg86",1,0,0.00641810774301248,1
"j3km89e",2,1140,0.0064178400075595,0.5
"j3bnefs",1,0,0.0063766546974813,1
"j3ggejg",1,0,0.00641757737237933,1
"j3jneef",1,0,0.00641757737237933,1
"j3kwuh8",1,0,0.0063766546974813,1
"jff8oc0",1,0,0.0063766546974813,1
"j3c7f3i",3,2275,0.00650129367777854,0.333333333333333
"j3c19oc",3,3404,0.00650182928139513,0.333333333333333
"j3cm7i7",2,1140,0.0064595625070393,0.5
"j3cp5yq",3,1709,0.00650101894572831,0.333333333333333
"j3cgqpv",3,1141,0.00650048341975114,0.333333333333333
"j3c8iav",1,0,0.00641810603561576,1
"j3g1e3n",2,1140,0.0064178400075595,0.5
"j3dth93",1,0,0.0063766546974813,1
"j3g0l7e",2,1140,0.0064178400075595,0.5
"j3j5rfy",2,571,0.00641757737237932,0.5
"j3g2a75",1,0,0.0063766546974813,1
"j3c1ran",1,0,0.00641757737237933,1
"j3csmyd",1,0,0.00641757737237933,1
"j3ckgsh",1,0,0.00641784170392812,1
"j3cvjtc",2,1707,0.00645903038517777,0.5
"j3crnju",1,0,0.00641757737237933,1
"j6q7y1i",1,0,0.00641757737237933,1
"j3ca47t",1,0,0.00645902868873973,1
"j3cvexp",1,0,0.00645902868873974,1
"j3defs0",1,0,0.00645902868873974,1
"j3c9vl3",2,571,0.00641757737237932,0.5
"j3dvbl1",1,0,0.0064595659331445,1
"j3dh6w5",1,0,0.0064595659331445,1
"j3g1aq2",3,1709,0.00654274320803361,0.333333333333333
"j3ceqbi",2,571,0.00654274493763137,0.5
"j3cumph",1,0,0.006501288465995,1
"j3dtsrg",1,0,0.006501288465995,1
"j3exkov",1,0,0.00650128846599501,1
"j3dtkzm",2,2272,0.00641784170392811,0.5
"j3c3xmf",4,2842,0.00650156145727547,0.25
"j7qjx1g",2,1140,0.0064178400075595,0.5
"j3dq9k3",2,571,0.00641757737237933,0.5
"j3c2nhh",1,0,0.0063766546974813,1
"j3dfg0r",2,1140,0.0064178400075595,0.5
"jaapb3b",2,571,0.00641757737237933,0.5
"j3cj48f",1,0,0.0063766546974813,1
"j3bwn3o",1,0,0.0063766546974813,1
"j3bq90r",1,0,0.00645902868873974,1
"j3bnz5t",1,0,0.00645902868873974,1
"j3bofd2",1,0,0.00645902868873974,1
"j3d34c8",2,571,0.00641757737237932,0.5
"j3g1893",1,0,0.0063766546974813,1
"j3jwprj",1,0,0.0063766546974813,1
"jhhrzwg",2,571,0.00641757737237933,0.5
"ja50070",1,0,0.0063766546974813,1
"j3evcgn",4,3969,0.000604245486655337,0.25
"j3i2bor",5,3970,0.000608123439577478,0.2
"j3fqr8m",2,2835,0.000596489741590631,0.5
"j3i3eiu",2,1140,0.000596489427247475,0.5
"j3ozorc",1,0,0.000592685820139227,1
"ja551hl",1,0,0.000592685820139227,1
"j3eydvc",3,3961,0.000588556705512811,0.333333333333333
"j3i20ul",2,571,0.000584755355436293,0.5
"jgewx6r",1,0,0.000581050198955655,1
"j3faryt",3,1141,0.000588507749952091,0.333333333333333
"j3i3olp",2,571,0.000584755039243861,0.5
"jgexg0e",1,0,0.000581049884766699,1
"j3g37b8",3,1709,0.000581001712217416,0.333333333333333
"j3i8cdd",1,0,0.000573568393090592,1
"jgew5fo",1,0,0.000573568393090593,1
"j3f5dnr",2,1707,0.000577273087796513,0.5
"j47wpr1",2,571,0.000577249312631597,0.5
"j3er1pu",1,0,0.000573568393090592,1
"j3gw4m9",2,571,0.000577249312631597,0.5
"j3ha0mf",2,1707,0.000577273087796513,0.5
"j3lvssd",2,571,0.000577249312631596,0.5
"j92cgu2",1,0,0.000573568393090592,1
"j92czmu",1,0,0.000573568393090592,1
"j92dxs4",2,3955,0.000577273088775821,0.5
"j3ckhi2",2,571,0.000650586362347817,0.5
"j3d10ew",3,3401,0.000654843159448343,0.333333333333333
"j3hfp6z",3,2275,0.000654788518326721,0.333333333333333
"j83ieqs",1,0,0.000646464084109137,1
"jozqepv",1,0,0.000646464084109138,1
"j3dg1kx",2,571,0.000650586362347819,0.5
"j3dpp0o",2,571,0.000650586362347819,0.5
"j5o838q",1,0,0.000646464084109138,1
"janufuu",1,0,0.000646464084109139,1
"j3c7zla",3,1709,0.000629353496992117,0.333333333333333
"j3c9b1s",3,2841,0.000629405343608773,0.333333333333333
"j3dk4wo",2,1707,0.000625340327059151,0.5
"j3cgbxo",2,571,0.000617236389977875,0.5
"j3cm05s",3,1709,0.000621248724896988,0.333333333333333
"j3ckzje",2,571,0.000625210213496915,0.5
"j3hsvsc",1,0,0.000621248724897,1
"j3i3yb8",1,0,0.000621248724897001,1
"j3cg34i",6,4536,0.00064601924807591,0.166666666666667
"j3cmhyr",4,2277,0.000637646811178573,0.25
"j6q2b3n",1,0,0.000625500177645493,1
"j3cxw8u",2,1140,0.000629514373431963,0.5
"j3cp4ju",1,0,0.000621274810250583,1
"j3cts2f",3,2839,0.000629274886514348,0.333333333333333
"j3dc7c3",1,0,0.000621274810250584,1
"j3bynzl",1,0,0.000625339657189897,1
"j3dkve5",2,1140,0.000629352822823924,0.5
"j3ht7y5",2,571,0.000629327232252432,0.5
"j3i4wq1",2,571,0.000629327232252433,0.5
"j3dlguc",3,1141,0.00062122313752847,0.333333333333333
"j3cpa1w",2,1140,0.000617261649975705,0.5
"j3bvp7k",1,0,0.000613300486652274,1
"j3gj0w1",1,0,0.000520849552055372,1
"j3i559c",1,0,0.000520849552055373,1
"jgeyd24",1,0,0.000520849552055373,1
"j3crwjs",4,4529,0.000527644235664371,0.25
"j3ehkrq",1,0,0.000517571601663732,1
"j9nhnqv",1,0,0.000514142360032508,1
"jgeyhde",1,0,0.000514142360032507,1
"j3clpn8",4,7877,0.000541594494532419,0.25
"j3eu8po",1,0,0.000531188628985229,1
"j3cv6f8",2,1140,0.000534597573111065,0.5
"j3dsj9h",5,3408,0.000541548419563324,0.2
"j3fcmvh",2,571,0.00053116645613286,0.5
"j3d39tc",1,0,0.000524326123781698,1
"j3d1bb5",1,0,0.000520871278706562,1
"j3g50tc",3,1141,0.000527556742170847,0.333333333333333
"j3c9saz",2,571,0.000524192694992704,0.5
"j3c9rl4",3,5087,0.000524192556420466,0.333333333333333
"j3kzbyw",1,0,0.000517485503051066,1
"j3fe76c",3,3965,0.000517484947827653,0.333333333333333
"j3c4lef",2,571,0.00052423588561409,0.5
"j3e07vv",2,571,0.000524235885614088,0.5
"j3cvdp2",3,1141,0.000527600209971385,0.333333333333333
"j3cpjrp",1,0,0.000514185818811609,1
"j3cc7t4",2,571,0.000517442180216594,0.5
"j3c88cu",2,571,0.000517442180216592,0.5
"j3dynti",1,0,0.000517463493861103,1
"j3dh1s5",2,571,0.000520763179880002,0.5
"j3lygac",2,571,0.000514121319090798,0.5
"j3c8pmp",1,0,0.000517506677216768,1
"j3ccnhj",2,1140,0.000520827816358523,0.5
"j3c22kk",3,1709,0.000524213589293828,0.333333333333333
"j3cmjco",2,571,0.000520849544818301,0.5
"j3coipv",2,571,0.000517463631526612,0.5
"j3cq91k",2,571,0.000520784630323481,0.5
"j3fyv5c",1,0,0.000517484808389195,1
"j3cjjnm",1,0,0.000517442180216598,1
"j3esv3q",1,0,0.000517442180216599,1
"j3hm4w0",2,571,0.000514121319090798,0.5
"j3heqgy",2,571,0.000514121319090799,0.5
"j3j7052",1,0,0.000510842811656581,1
"j3d43sb",2,1140,0.000517442044312474,0.5
"j3d5fhm",1,0,0.000510842811656581,1
"j3is0sh",2,571,0.00052412708397599,0.5
"j3gc2jf",1,0,0.000520806083417694,1
"j3ck6w2",1,0,0.000520806221094659,1
"j3e2izh",2,1707,0.000514142495069936,0.5
"j3c68dd",3,1141,0.000524170544487113,0.333333333333333
"j3ciul7",1,0,0.000517527992617143,1
"j3cru2l",1,0,0.000517527992617143,1
"j7qqo72",2,571,0.000514121319090799,0.5
"j3dweyq",1,0,0.000510842811656581,1
"j3gglzf",2,571,0.000514121319090799,0.5
"jajnov8",1,0,0.000510842811656581,1
"j3erc5y",1,0,0.000510842811656581,1
"ji7av1t",1,0,0.000510842811656581,1
"j3i64tf",3,1709,4.87176272499945e-05,0.333333333333333
"j3ipjyy",2,571,4.84049908205763e-05,0.5
"jgewcc0",1,0,4.80982846677149e-05,1
"j3ifm3f",1,0,4.8406971927607e-05,1
"j3jsyet",1,0,4.84069719276061e-05,1
"j7o8kmc",2,1707,4.87176401286816e-05,0.5
"j9ku8xx",1,0,4.84069719276065e-05,1
"j3ft519",2,2272,4.77876162213263e-05,0.5
"j3ibwke",2,571,4.77836672149687e-05,0.5
"jgex18z",1,0,4.68494487588859e-05,1
"j3fjskh",3,2839,4.74527231179872e-05,0.333333333333333
"j3i5qlv",1,0,4.65468591291077e-05,1
"j3hk4e6",1,0,4.68455518683874e-05,1
"jhpduh4",1,0,4.68455518683869e-05,1
"j3i9kwu",1,0,4.65468339600104e-05,1
"j3jwnw3",2,571,4.65429749459826e-05,0.5
"jgexwve",1,0,4.62480669923529e-05,1
"j3fazc7",2,1140,4.62461621734154e-05,0.5
"j482ok1",1,0,4.59493738494939e-05,1
"j3lelcg",1,0,4.59493738494951e-05,1
"j3isgdp",2,1140,4.62461621734127e-05,0.5
"j3m7iiz",1,0,4.59493738494961e-05,1
"j937biy",2,3396,4.62461743982387e-05,0.5
"j3dq3ab",1,0,5.17870447495585e-05,1
"j3dgt1l",4,2277,5.31381246437204e-05,0.25
"j3e24uw",1,0,5.21258882216831e-05,1
"j3rapen",1,0,5.21215387573006e-05,1
"j9nh7fc",2,1140,5.24560327650374e-05,0.5
"j3ez46l",1,0,5.17870447495586e-05,1
"j3e2ki0",1,0,5.17870447495583e-05,1
"j3ccz21",1,0,5.00968965817283e-05,1
"j3h76vh",2,571,5.0416347192639e-05,0.5
"j3cu8ci",3,1141,5.0744077992715e-05,0.333333333333333
"j3edtih",2,571,5.04205005294174e-05,0.5
"j3g4kzt",2,1140,5.00968965817219e-05,0.5
"j3lubkh",1,0,4.91323679664681e-05,1
"j3cmo43",2,571,4.97670888571907e-05,0.5
"j83j3ti",1,0,4.94517521098071e-05,1
"j3luwc5",1,0,4.97670888571979e-05,1
"j3co779",1,0,5.14234998539633e-05,1
"j3dprtx",2,571,5.17514097558605e-05,0.5
"j3dqqy1",2,1140,5.17535141430286e-05,0.5
"j3g3sw8",1,0,5.14234998539648e-05,1
"j3nf6vq",1,0,5.14234998539635e-05,1
"j3coy1z",1,0,5.0757049111435e-05,1
"j3d7e8l",2,571,5.10807092870757e-05,0.5
"j3gc3wo",1,0,5.07570491114353e-05,1
"j4b7m3t",2,571,5.04292347073422e-05,0.5
"j3dbk8c",2,1707,5.04121128508433e-05,0.5
"j3i4cht",1,0,5.00906391429538e-05,1
"j3dpl25",2,571,5.04162931862676e-05,0.5
"j3i47jq",1,0,5.00948058934996e-05,1
"j3ibaev",1,0,5.0094805893499e-05,1
"j3dlp0m",1,0,4.94497153407096e-05,1
"j3f90sg",1,0,4.94497153407096e-05,1
"j3crjpp",2,571,4.94476916432654e-05,0.5
"j3d19sw",2,2272,4.2270335854808e-05,0.5
"j3d5zyo",2,571,4.22686059688052e-05,0.5
"j3ornze",1,0,4.20007814882362e-05,1
"j3cwsou",4,2277,4.39484101522296e-05,0.25
"j3dtd83",2,2272,4.33896981753277e-05,0.5
"j3dvoo8",2,1707,4.33879110113543e-05,0.5
"j3dmwsh",2,571,4.28256249994995e-05,0.5
"j3dy2vj",1,0,4.31075624407021e-05,1
"j3ewcm6",2,1140,4.33842085579944e-05,0.5
"j3dv1xv",1,0,4.31075624407026e-05,1
"j3hatrz",1,0,4.31075624407026e-05,1
"j3hngiz",1,0,4.22811522423364e-05,1
"j3m53gm",1,0,4.19938169563504e-05,1
"j3qgh6a",1,0,4.19938169563508e-05,1
"j3d5dvy",1,0,4.17260368861902e-05,1
"j3cdz61",2,2272,4.19955465545734e-05,0.5
"j3ce62q",3,1709,4.2263315382408e-05,0.333333333333333
"j3ffoum",2,2272,4.14564716363551e-05,0.5
"j3lf1ja",2,571,4.14547641688401e-05,0.5
"j3c8cql",1,0,4.1729474884237e-05,1
"j3e295y",1,0,4.17294748842366e-05,1
"j3cxoze",1,0,4.19972770180143e-05,1
"j3d36i0",1,0,4.19972770180154e-05,1
"j6q5b30",1,0,4.11886920676928e-05,1
"j3d00pg",1,0,4.11886920676929e-05,1
"j3dh81i",1,0,4.14530455311772e-05,1
"j3m5h3k",1,0,4.09243496318815e-05,1
"j3d1str",2,571,4.17225551976915e-05,0.5
"j3cb9on",1,0,4.1727700084454e-05,1
"j3g6fov",2,571,4.1993783219206e-05,0.5
"j3cvvr1",1,0,4.14599202294231e-05,1
"j3cox5s",1,0,4.11903996041804e-05,1
"j3cug16",1,0,4.14547529986871e-05,1
"j3hovfs",1,0,4.09243496318814e-05,1
"j3hoju2",1,0,4.09243496318819e-05,1
"j3deysn",2,571,4.14513272474137e-05,0.5
"j3iu5ma",1,0,4.17208142119161e-05,1
"j3eghgn",2,1140,4.118868124964e-05,0.5
"j3c7se6",1,0,4.17242736933389e-05,1
"j42a63t",1,0,4.17242736933383e-05,1
"j87bygc",1,0,4.09243496318813e-05,1
"j3gvkpy",1,0,4.09243496318815e-05,1
"j4h09t5",2,571,3.90267921219051e-06,0.5
"jgewi15",1,0,3.87795085863886e-06,1
"j3iwilz",1,0,3.85306482090589e-06,1
"j7oagyo",2,1140,3.90283894004264e-06,0.5
"j3g1lvj",3,1709,3.85290304295801e-06,0.333333333333333
"j3iemd3",1,0,3.80360710825004e-06,1
"j3fo2l7",2,1707,3.80150564429489e-06,0.5
"j3gbe61",1,0,3.77726376976013e-06,1
"j3kgr32",1,0,3.7048472974503e-06,1
"j3fiqnb",2,571,3.70469470591391e-06,0.5
"j3itw9z",2,571,3.70469470591365e-06,0.5
"j93cvg0",2,2835,3.70484730372878e-06,0.5
"j3dklwc",1,0,4.22982496727745e-06,1
"j3dxppr",2,571,4.25679710051922e-06,0.5
"j3ftwff",1,0,4.22982496727746e-06,1
"j9o6xla",2,571,4.20215597889382e-06,0.5
"j3hmoyl",1,0,4.01316993296453e-06,1
"j3dit0e",1,0,4.03925749119283e-06,1
"j4fer0a",1,0,4.03925749119229e-06,1
"j3l3d22",1,0,4.01350054093619e-06,1
"j3gwbyw",2,571,4.01316993295877e-06,0.5
"j3jqhcj",1,0,3.96148859991243e-06,1
"j3dq24c",1,0,4.11944167290097e-06,1
"j3dr7p7",2,571,4.14587850856134e-06,0.5
"j3danix",1,0,4.06605353382927e-06,1
"j4da91n",1,0,4.01419578647108e-06,1
"j3dhyy0",2,1140,4.03858554241309e-06,0.5
"j3i4iig",1,0,4.01316563402782e-06,1
"j3cyrv9",1,0,3.93606439988745e-06,1
"j3da01y",2,1707,3.38633717476506e-06,0.5
"j3ddox3",1,0,3.36460509394236e-06,1
"j3d30gu",1,0,3.49831846307036e-06,1
"j3ds8z1",2,571,3.52062603192587e-06,0.5
"j3hf296",1,0,3.49831846306948e-06,1
"j3ehdxl",3,1709,3.49831846305896e-06,0.333333333333333
"j3ehna0",2,1140,3.47586681487282e-06,0.5
"j8liv7a",1,0,3.40894412583539e-06,1
"j3f0gav",2,571,3.47542888342728e-06,0.5
"j3de039",3,1709,3.38591421596428e-06,0.333333333333333
"j3e63mq",2,571,3.38563619970113e-06,0.5
"j3cfmfk",1,0,3.3641839602541e-06,1
"j3fjc51",2,1707,3.32127326698308e-06,0.5
"j3n6jy4",1,0,3.29982282343529e-06,1
"j3eqw9j",1,0,3.32113914175528e-06,1
"j3gqv2q",1,0,3.34272904664871e-06,1
"j3dm08v",1,0,3.29954924253434e-06,1
"j3eijfd",2,571,3.29954924252816e-06,0.5
"j9nfxt1",1,0,3.1065548664765e-07,1
"j7rkxx5",2,571,3.12649224912539e-07,0.5
"j3icb6l",2,571,3.08648952354402e-07,0.5
"jlwi2m8",1,0,3.06693275244345e-07,1
"j3fo83x",2,1140,3.04543984881025e-07,0.5
"j3fuphl",1,0,2.94895807257986e-07,1
"j3j0cj6",1,0,2.94895807257258e-07,1
"j93m7b3",2,2272,2.96800626688286e-07,0.5
"j3etney",1,0,3.38843472118659e-07,1
"j9p7bm0",1,0,3.34494007735786e-07,1
"j74lvfi",1,0,3.19450610911135e-07,1
"j3fuva2",1,0,3.30014289065191e-07,1
"j3dx2cn",2,571,3.23523634712148e-07,0.5
"j3fnwpl",2,1140,2.71284252571666e-07,0.5
"j3lar41",1,0,2.80243836038141e-07,1
"j3eixes",2,571,2.80243836032377e-07,0.5
"j3ey25i",1,0,2.78468140859421e-07,1
"j3emqxm",2,571,2.78445275929318e-07,0.5
"j3g80ns",1,0,2.76646117291959e-07,1
"j3fh97n",1,0,2.6952069881104e-07,1
"j3dhpab",2,571,2.71239339236335e-07,0.5
"j3gnejv",1,0,2.69498568558516e-07,1
"j3fx5hg",3,1141,2.67768539618101e-07,0.333333333333333
"j3ejl8t",1,0,2.62645997767722e-07,1
"j95jubq",1,0,2.48870562542819e-08,1
"j3irzc5",1,0,2.45686322825022e-08,1
"j3fov6r",2,571,2.43964565935933e-08,0.5
"j93x8oc",2,1707,2.37771234798111e-08,0.5
"j3ehi74",1,0,2.5752665464039e-08,1
"j3jvnui",2,571,2.17320808164786e-08,0.5
"j3f0z6q",1,0,2.23075688548031e-08,1
"j3f1opd",1,0,2.21644024467307e-08,1
"j3eve7u",1,0,2.1590805784893e-08,1
"j3fynf3",1,0,2.13145281598995e-08,1
"j3fzmuu",1,0,2.13145281598772e-08,1
"j3gba88",1,0,1.94197182560039e-09,1
"j9975uw",2,1140,1.90481892354543e-09,0.5
"j3k3xj6",1,0,1.72988599775692e-09,1
"j9cruac",2,571,1.52591517235421e-10,0.5
"j9d0h72",1,0,1.21463657278418e-11,1
"je0st0n",8,47598,0,0.125
"je1d8tt",5,10769,0,0.2
"je1kblk",2,404,0,0.5
"je1td3l",2,3564,0,0.5
"je0tzrh",2,14924,0,0.5
"je1sm7j",6,4377,0,0.166666666666667
"je20ibx",1,0,0,1
"je1hfwv",2,806,0,0.5
"je13w1n",3,3959,0,0.333333333333333
"je269vm",2,404,0,0.5
"je312bh",1,0,0,1
"je1ao7q",1,0,0,1
"je26wy7",1,0,0,1
"je2tv11",1,0,0,1
"je19rhv",1,0,0,1
"je1xk5a",2,1604,0,0.5
"je1vie2",2,806,0,0.5
"je23atr",2,806,0,0.5
"je2cmw0",1,0,0,1
"je2ox5o",1,0,0,1
"je35co3",1,0,0,1
"je39i5f",1,0,0,1
"je3fkmp",2,404,0,0.5
"je3pdzf",1,0,0,1
"je43y2y",1,0,0,1
"je46fq2",1,0,0,1
"je499m0",1,0,0,1
"je1x7e3",2,404,0,0.5
"je1vka5",3,1208,0,0.333333333333333
"je1qbaz",1,0,0,1
"je1rtl1",2,806,0,0.5
"je1ua0f",1,0,0,1
"je1y2g7",1,0,0,1
"je1znpi",1,0,0,1
"je2nhp5",1,0,0,1
"je378q0",1,0,0,1
"je21hzy",1,0,0,1
"je2colk",1,0,0,1
"je2g52s",1,0,0,1
"je2i6cs",1,0,0,1
"je22gl7",1,0,0,1
"je2fzre",1,0,0,1
"je1dgol",1,0,0,1
"je3ru8l",1,0,0,1
"je240s1",1,0,0,1
"je36lpq",1,0,0,1
"je36zmg",1,0,0,1
"je45krl",1,0,0,1
"je2ezvl",1,0,0,1
"je205cx",1,0,0,1
"je20ino",1,0,0,1
"je27kgo",1,0,0,1
"je2f38d",1,0,0,1
"je2rxvt",1,0,0,1
"je2zo8d",1,0,0,1
"je33f7o",1,0,0,1
"je34qs8",1,0,0,1
"je38b2m",1,0,0,1
"je39uv4",1,0,0,1
"je3a3vw",1,0,0,1
"je3f5lu",1,0,0,1
"je3knss",1,0,0,1
"je3ln0h",1,0,0,1
"je3p0mn",1,0,0,1
"je3p8qe",1,0,0,1
"je3pv56",1,0,0,1
"je3sd5x",1,0,0,1
"je4a2t5",2,2000,0,0.5
"je4aqkw",2,404,0,0.5
"je4csnh",1,0,0,1
"je4cufe",2,1206,0,0.5
"je4ih96",2,404,0,0.5
"je4ikvh",1,0,0,1
"je4jir0",2,2394,0,0.5
"je4ll6r",2,1604,0,0.5
"je4n3jx",2,404,0,0.5
"je4n6t2",1,0,0,1
"je4nja7",2,1604,0,0.5
"je4rfi3",2,404,0,0.5
"je4vduz",1,0,0,1
"je54hv2",1,0,0,1
"je54ytk",1,0,0,1
"je5g67v",1,0,0,1
"je5gi4d",1,0,0,1
"je626ac",1,0,0,1
"je73lsw",1,0,0,1
"je76pk6",1,0,0,1
"je8hz3k",2,806,0,0.5
"je8muoq",1,0,0,1
"je2rda5",4,8865,0,0.25
"je2nff8",1,0,0,1
"je3oq4p",1,0,0,1
"je2b5va",4,5499,0,0.25
"je0wbc2",11,34627,0,0.0909090909090909
"je1gr8d",5,5913,0,0.2
"je4nb9m",1,0,0,1
"je1w78j",6,5916,0,0.166666666666667
"je2ojin",1,0,0,1
"je2qsyt",1,0,0,1
"je21vy5",2,3564,0,0.5
"je2tqux",1,0,0,1
"je1zlqb",3,3183,0,0.333333333333333
"je0up9a",3,14919,0,0.333333333333333
"je22uu4",2,1206,0,0.5
"je4rpip",1,0,0,1
"je2j3ap",1,0,0,1
"je5jp8n",1,0,0,1
"je7cb3l",2,1206,0,0.5
"je1xbh5",2,404,0,0.5
"je1x3mu",1,0,0,1
"je14p61",2,3176,0,0.5
"je2ireu",1,0,0,1
"je2eyio",4,1209,0,0.25
"je20a2s",2,404,0,0.5
"je23s5v",2,404,0,0.5
"jedwiwq",1,0,0,1
"je2421e",1,0,0,1
"je22zpd",1,0,0,1
"je23lsi",2,404,0,0.5
"je2ifbk",2,404,0,0.5
"je4a854",2,1604,0,0.5
"je4ary5",1,0,0,1
"je4cvn8",2,806,0,0.5
"je4qbly",1,0,0,1
"je4q6mp",2,2000,0,0.5
"je4of6j",3,1208,0,0.333333333333333
"jfhr7w2",1,0,0,1
"je4o5nt",2,1206,0,0.5
"je4roh6",1,0,0,1
"jfhqmwi",2,404,0,0.5
"je347fr",3,7022,0,0.333333333333333
"je4blvf",1,0,0,1
"je3wkjj",3,807,0,0.333333333333333
"je2buke",2,4334,0,0.5
"je2nrcr",1,0,0,1
"je2uas6",1,0,0,1
"je0x86a",4,30773,0,0.25
"je10iuf",2,806,0,0.5
"je1obtd",1,0,0,1
"je1suzd",1,0,0,1
"je2f0av",2,1206,0,0.5
"je1tee9",3,807,0,0.333333333333333
"je1xtiw",2,404,0,0.5
"je1rzet",2,806,0,0.5
"je24wjg",1,0,0,1
"je3yf6b",2,404,0,0.5
"je1pwea",1,0,0,1
"je1he4k",3,3183,0,0.333333333333333
"je1v64t",2,1206,0,0.5
"je4dlm3",1,0,0,1
"je1ydsq",4,3189,0,0.25
"je28s3b",2,806,0,0.5
"je2tki9",1,0,0,1
"je2oo8r",1,0,0,1
"je42k21",1,0,0,1
"je22vwb",4,3193,0,0.25
"je21fbi",2,2394,0,0.5
"je22ywb",1,0,0,1
"je1tfq9",2,3950,0,0.5
"je0us9k",3,10671,0,0.333333333333333
"je28cow",2,806,0,0.5
"jedw0d8",2,806,0,0.5
"je2515j",1,0,0,1
"je1ri25",3,2792,0,0.333333333333333
"je2ne7y",1,0,0,1
"je2i83o",1,0,0,1
"je2ift1",1,0,0,1
"je2904k",1,0,0,1
"je2jsjf",1,0,0,1
"je2td1p",1,0,0,1
"je3dsa6",1,0,0,1
"je4a9kf",2,1206,0,0.5
"je4ddac",2,404,0,0.5
"je51atg",2,1604,0,0.5
"je4p1k6",1,0,0,1
"je4q2i4",2,404,0,0.5
"je4oyk4",2,806,0,0.5
"jfi5hbb",1,0,0,1
"je37mk1",4,5119,0,0.25
"je3lrol",3,1208,0,0.333333333333333
"je48w9j",1,0,0,1
"je4deuc",1,0,0,1
"je2cb06",3,3959,0,0.333333333333333
"je0z3vm",3,13319,0,0.333333333333333
"je19un6",3,3974,0,0.333333333333333
"je0xxlz",7,15509,0,0.142857142857143
"je11i38",2,404,0,0.5
"je4aiml",2,806,0,0.5
"je4aw6t",1,0,0,1
"je29zto",1,0,0,1
"je4cpyc",1,0,0,1
"je1s4it",2,404,0,0.5
"jfhrwp6",1,0,0,1
"je1y0wc",3,2399,0,0.333333333333333
"je1xu3e",1,0,0,1
"je27l3e",2,806,0,0.5
"je21nhv",2,2000,0,0.5
"je328f8",1,0,0,1
"je292sy",1,0,0,1
"je2vyk3",2,404,0,0.5
"je2a2l8",2,404,0,0.5
"je24ncb",3,1607,0,0.333333333333333
"je2dp8h",1,0,0,1
"je22y5c",2,2000,0,0.5
"je29md3",4,3579,0,0.25
"je0vs5s",2,8426,0,0.5
"je18t3n",2,1604,0,0.5
"je2gvmc",2,404,0,0.5
"jeg0bla",2,404,0,0.5
"je1verm",3,2006,0,0.333333333333333
"je24vyo",1,0,0,1
"je4afo3",2,806,0,0.5
"je4ejoe",1,0,0,1
"je5cd9d",3,1208,0,0.333333333333333
"jedwnrx",1,0,0,1
"je4pn5c",2,404,0,0.5
"je37rdw",5,3979,0,0.2
"je3x8y5",1,0,0,1
"je6w2xg",1,0,0,1
"je47ylz",1,0,0,1
"je3n8kp",2,404,0,0.5
"je2g2qz",3,3183,0,0.333333333333333
"je2q424",1,0,0,1
"je3wrw8",1,0,0,1
"je0zn88",3,12647,0,0.333333333333333
"je2kf5l",3,1208,0,0.333333333333333
"je49s4t",2,2000,0,0.5
"je1efzc",3,7038,0,0.333333333333333
"je0z7af",4,3579,0,0.25
"je0ynyr",2,404,0,0.5
"je0z45g",3,807,0,0.333333333333333
"je0ybzu",1,0,0,1
"jeabp4n",2,2000,0,0.5
"je1swre",1,0,0,1
"je8wk6t",2,404,0,0.5
"je267n5",1,0,0,1
"je21mol",3,1607,0,0.333333333333333
"je34cac",1,0,0,1
"je2819y",2,404,0,0.5
"je2aejt",5,1610,0,0.2
"je43fft",1,0,0,1
"je4bpt1",1,0,0,1
"je25szw",3,807,0,0.333333333333333
"je2aaok",1,0,0,1
"je2suzi",4,1609,0,0.25
"je3wboj",2,2394,0,0.5
"je2a9g5",1,0,0,1
"je2w7yk",1,0,0,1
"je0wqxp",3,8174,0,0.333333333333333
"je1ro49",2,1206,0,0.5
"je2musf",1,0,0,1
"jepcjui",1,0,0,1
"je1zqbf",2,404,0,0.5
"je2543l",2,806,0,0.5
"je4aq8m",2,404,0,0.5
"je5cewg",1,0,0,1
"je5els3",2,404,0,0.5
"je4qd0f",1,0,0,1
"je396ex",3,2004,0,0.333333333333333
"je4cg6j",1,0,0,1
"je4at32",1,0,0,1
"je3zfl5",2,404,0,0.5
"je45stf",1,0,0,1
"je2hhqv",2,2394,0,0.5
"je47h3a",1,0,0,1
"je1048n",4,12025,0,0.25
"je0zp0g",1,0,0,1
"je2y52r",1,0,0,1
"je3601q",2,404,0,0.5
"je5nvhh",2,1604,0,0.5
"je1j7o6",2,4334,0,0.5
"je1lefu",2,2000,0,0.5
"je1dxvc",1,0,0,1
"je12nke",1,0,0,1
"je0zefi",4,2403,0,0.25
"je0z7bk",1,0,0,1
"je28b73",1,0,0,1
"je2kyuz",1,0,0,1
"jepcx75",3,1607,0,0.333333333333333
"je90cut",1,0,0,1
"je26vk8",2,806,0,0.5
"je2dugz",1,0,0,1
"je2g2h6",1,0,0,1
"je2fr1f",1,0,0,1
"je366mz",1,0,0,1
"je2fuk4",1,0,0,1
"je3lfz5",1,0,0,1
"je28n0r",1,0,0,1
"je4bj5a",1,0,0,1
"je3ryfc",1,0,0,1
"je3zw0v",2,404,0,0.5
"je2tda8",1,0,0,1
"je4bxpi",3,2004,0,0.333333333333333
"je0xh3r",2,3564,0,0.5
"je0x9l5",2,3950,0,0.5
"je33u0u",2,806,0,0.5
"je24twl",1,0,0,1
"je2ezri",2,404,0,0.5
"je4cqrr",1,0,0,1
"je6d7ah",1,0,0,1
"je4b2wr",3,1208,0,0.333333333333333
"je8xh5w",1,0,0,1
"je4d5ut",1,0,0,1
"je2l02t",4,2007,0,0.25
"je2gfa6",2,404,0,0.5
"je1095c",4,10675,0,0.25
"je2jnku",1,0,0,1
"je3m5vy",1,0,0,1
"je6abz5",2,1206,0,0.5
"je1lw0v",2,3950,0,0.5
"je1lh1n",2,1604,0,0.5
"je10gpu",2,1206,0,0.5
"je22glw",1,0,0,1
"je2ksgl",1,0,0,1
"jepdedb",2,806,0,0.5
"jepd0gm",1,0,0,1
"je2x3cm",2,404,0,0.5
"je4j5x7",1,0,0,1
"je4bz1x",2,1206,0,0.5
"je5s3me",1,0,0,1
"je0yl32",3,3183,0,0.333333333333333
"je10ee7",2,3564,0,0.5
"je4c8fw",2,404,0,0.5
"je2g1bc",1,0,0,1
"je6b0xx",1,0,0,1
"je4b969",2,404,0,0.5
"je2rg1z",1,0,0,1
"je2myiy",2,806,0,0.5
"je2pqiu",1,0,0,1
"je2lvjc",1,0,0,1
"je10m6s",2,8426,0,0.5
"je18g08",1,0,0,1
"je10dac",3,1208,0,0.333333333333333
"je6cqt6",2,806,0,0.5
"je1m1qn",3,3582,0,0.333333333333333
"je25gk4",2,1206,0,0.5
"je11nxc",3,807,0,0.333333333333333
"jepdjlb",2,404,0,0.5
"je3k04i",1,0,0,1
"je5sm84",3,807,0,0.333333333333333
"je0yvfi",2,2394,0,0.5
"je0yodk",1,0,0,1
"je3u1m8",2,3176,0,0.5
"je53h4k",1,0,0,1
"je604nq",1,0,0,1
"je33pnp",2,404,0,0.5
"je10qkm",5,8187,0,0.2
"je1vncm",2,404,0,0.5
"je10fnp",1,0,0,1
"jedwxjo",2,404,0,0.5
"je2i2j2",2,806,0,0.5
"je23vxs",2,2000,0,0.5
"je2i9j0",2,806,0,0.5
"je16qqd",1,0,0,1
"je125n8",1,0,0,1
"jepeml2",1,0,0,1
"jedw6ov",1,0,0,1
"je6n6f4",1,0,0,1
"je0zubk",2,2000,0,0.5
"je3w90v",3,2792,0,0.333333333333333
"je4195y",1,0,0,1
"je10woe",2,4716,0,0.5
"je244gj",2,806,0,0.5
"je1sq97",1,0,0,1
"je10uav",3,1208,0,0.333333333333333
"je23cv6",1,0,0,1
"jee6etz",1,0,0,1
"je2j6io",2,404,0,0.5
"je24cb5",2,1604,0,0.5
"je2ifwr",2,404,0,0.5
"je10n9o",2,1604,0,0.5
"je4c34k",3,2004,0,0.333333333333333
"je551q1",1,0,0,1
"je1160k",2,4334,0,0.5
"je41r0q",2,404,0,0.5
"je25p97",1,0,0,1
"je2c2qp",2,404,0,0.5
"je30hyo",1,0,0,1
"je25lwv",2,1206,0,0.5
"je2ipkh",1,0,0,1
"je12aya",2,1206,0,0.5
"je4c5qc",1,0,0,1
"je4c99s",2,1206,0,0.5
"je11a1l",2,3950,0,0.5
"je41tg8",1,0,0,1
"je2jzw6",1,0,0,1
"je2gnpv",2,806,0,0.5
"je12zze",2,806,0,0.5
"je4cfmf",3,807,0,0.333333333333333
"je12y50",2,3564,0,0.5
"je2h4is",2,404,0,0.5
"je13gt5",2,404,0,0.5
"je4cief",1,0,0,1
"je4cqow",1,0,0,1
"je134k9",3,3183,0,0.333333333333333
"je2ljax",1,0,0,1
"je13yr8",1,0,0,1
"je1syif",1,0,0,1
"je1382j",4,2405,0,0.25
"je13v5f",2,806,0,0.5
"je27nx2",2,404,0,0.5
"je1xc4s",1,0,0,1
"je141uf",2,404,0,0.5
"je2gca8",1,0,0,1
"je147ko",1,0,0,1
"jeaf4q6",3,187,0,0.333333333333333
"jeahibp",3,307,0,0.333333333333333
"jeaez5o",2,264,0,0.5
"jeaixpr",1,0,0,1
"jealzov",2,184,0,0.5
"jeasxqx",2,184,0,0.5
"jeatv7y",1,0,0,1
"jebe2w6",2,96,0,0.5
"jeafi20",2,369,0,0.5
"jeagzns",1,0,0,1
"jeai2zj",2,96,0,0.5
"jeaidpx",1,0,0,1
"jeahaeg",1,0,0,1
"jeahcii",3,97,0,0.333333333333333
"jeaiq2v",3,229,0,0.333333333333333
"jeaivd7",1,0,0,1
"jeahc99",4,232,0,0.25
"jeamtll",2,141,0,0.5
"jebqdbg",2,141,0,0.5
"jebr4x5",2,49,0,0.5
"jeahh1g",2,336,0,0.5
"jeak691",2,49,0,0.5
"jeai7zl",1,0,0,1
"jeaje5g",1,0,0,1
"jean7og",3,143,0,0.333333333333333
"jeb6r82",1,0,0,1
"jeajq4w",1,0,0,1
"jealhxx",2,96,0,0.5
"jeaiwj2",1,0,0,1
"jeaqz0h",2,96,0,0.5
"jec13m0",2,96,0,0.5
"jed8paw",1,0,0,1
"jeaijxa",2,301,0,0.5
"jeaqvqa",1,0,0,1
"jebjyof",1,0,0,1
"jebr1jo",2,49,0,0.5
"jeane5t",2,49,0,0.5
"jebqq4j",2,49,0,0.5
"jec7ur3",2,49,0,0.5
"jeajmdz",3,269,0,0.333333333333333
"jebv8lk",1,0,0,1
"jecglpz",1,0,0,1
"jebssfs",1,0,0,1
"jec8lbr",1,0,0,1
"jeaju6e",1,0,0,1
"jeal7mf",2,184,0,0.5
"jeanq4u",2,141,0,0.5
"jec0w01",2,96,0,0.5
"jec8azp",2,49,0,0.5
"jecbu3d",1,0,0,1
"j8nxm7j",13,34841,0,0.0769230769230769
"j8nxfai",8,20350,0,0.125
"j8o0rbp",3,7731,0,0.333333333333333
"j8nwrod",1,0,0,1
"j8o8py5",2,800,0,0.5
"j8nvtrr",8,19986,0,0.125
"j8omn1x",1,0,0,1
"j8o29js",1,0,0,1
"j8nwojm",2,401,0,0.5
"j8qent6",3,2771,0,0.333333333333333
"j8rdi0n",1,0,0,1
"j8ovos1",1,0,0,1
"j8nv9o0",4,3171,0,0.25
"j8txv7x",2,401,0,0.5
"j8q8e4v",1,0,0,1
"j8o2puf",2,800,0,0.5
"j8o0hsp",2,3537,0,0.5
"j8p687y",1,0,0,1
"j8puh48",1,0,0,1
"j8qom8q",2,401,0,0.5
"j8vtn57",1,0,0,1
"j8owbf2",3,3555,0,0.333333333333333
"j8owt1k",2,5432,0,0.5
"j8orbqk",2,2376,0,0.5
"j8ojovx",3,1595,0,0.333333333333333
"j8od0ks",1,0,0,1
"j8q0ppe",2,401,0,0.5
"j8q7l9q",1,0,0,1
"j8qnv61",1,0,0,1
"j8qr5f9",1,0,0,1
"j8tcvb7",1,0,0,1
"j92jbaj",1,0,0,1
"j8of0hj",2,401,0,0.5
"j8ofhyy",3,801,0,0.333333333333333
"j8our1j",1,0,0,1
"j8oght9",1,0,0,1
"j8oopbq",1,0,0,1
"j8ort6y",2,401,0,0.5
"j8pri74",1,0,0,1
"j8o2r3q",1,0,0,1
"j8piums",1,0,0,1
"j8nxg6s",3,4319,0,0.333333333333333
"j8oik6u",1,0,0,1
"j8oqkhr",1,0,0,1
"j8p8iv1",1,0,0,1
"j8p9bdf",2,401,0,0.5
"j8qseow",1,0,0,1
"j8rbkam",1,0,0,1
"j8o8ivv",3,3929,0,0.333333333333333
"j8p18za",1,0,0,1
"j8q87nr",1,0,0,1
"j8obheu",1,0,0,1
"j8p0ix5",1,0,0,1
"j8pjntm",1,0,0,1
"j8puoe1",1,0,0,1
"j8q6u2n",1,0,0,1
"j8qbvzj",1,0,0,1
"j8rat3k",1,0,0,1
"j8zuwbw",1,0,0,1
"jai0qg5",2,401,0,0.5
"jbbguuq",1,0,0,1
"jbwwpf7",1,0,0,1
"jdwkvfo",2,401,0,0.5
"jh1zkux",1,0,0,1
"jj9jyg2",1,0,0,1
"jmaqmt5",1,0,0,1
"jmmlq94",2,401,0,0.5
"j8ohaqg",5,24283,0,0.2
"j8ojhjp",2,800,0,0.5
"j8ot27b",5,7328,0,0.2
"j8sdzqg",1,0,0,1
"j8oxi3e",1,0,0,1
"j8pucu5",1,0,0,1
"j8p0pmh",2,1592,0,0.5
"j8tl6t7",1,0,0,1
"j8p2ww0",2,401,0,0.5
"j8pvsb9",1,0,0,1
"j8rn917",1,0,0,1
"j8rb545",1,0,0,1
"j8o5mgw",4,2385,0,0.25
"j8odtdt",2,401,0,0.5
"j8o8ovs",4,11735,0,0.25
"j8p8gl0",2,3537,0,0.5
"j8pu53q",2,800,0,0.5
"j8pja6x",1,0,0,1
"jfyuhw1",1,0,0,1
"j8q15vh",4,2387,0,0.25
"j8o8q0t",5,4710,0,0.2
"j8ryvye",2,401,0,0.5
"j8o69t6",2,17600,0,0.5
"j8p7wou",1,0,0,1
"j8pulze",1,0,0,1
"j8pa1c4",1,0,0,1
"j8oh6ct",1,0,0,1
"j8p8zyz",1,0,0,1
"j8ppydu",1,0,0,1
"j8puj1i",1,0,0,1
"j8r3iii",1,0,0,1
"j8rzpni",2,1985,0,0.5
"j8qiuhv",3,801,0,0.333333333333333
"j8pe4ky",3,1199,0,0.333333333333333
"j8pk8lw",1,0,0,1
"jhhq56n",1,0,0,1
"j8p6wwf",2,401,0,0.5
"j8oeljs",5,3174,0,0.2
"j8s3kke",1,0,0,1
"j8qe59v",2,1985,0,0.5
"j8pmw3p",2,800,0,0.5
"j8pms3g",3,5097,0,0.333333333333333
"j8qodsu",5,1994,0,0.2
"j8oy9sq",2,800,0,0.5
"j8s1snv",1,0,0,1
"j8s2uzj",1,0,0,1
"j8s3r00",1,0,0,1
"j8qlqos",1,0,0,1
"j8s42p3",1,0,0,1
"j8qolaa",1,0,0,1
"j8nzai6",2,401,0,0.5
"j8oetqx",2,3152,0,0.5
"j8s262v",1,0,0,1
"j8pn8yx",2,3152,0,0.5
"j8qqq64",1,0,0,1
"jiyxn4v",1,0,0,1
"jmjtlre",1,0,0,1
"jmmm1jn",1,0,0,1
"j8p3a9y",4,18183,0,0.25
"j8rtd55",1,0,0,1
"j8qea4x",2,5057,0,0.5
"j8qxnxl",2,1197,0,0.5
"j8tiih2",2,401,0,0.5
"j8p6a5c",8,5895,0,0.125
"j8qitgy",1,0,0,1
"j8reydo",1,0,0,1
"j8qoo4o",1,0,0,1
"j8xadf9",2,1197,0,0.5
"j8setqx",1,0,0,1
"j8o5zxo",4,1200,0,0.25
"j8o6b7m",1,0,0,1
"j8ohop0",1,0,0,1
"jalfkd3",1,0,0,1
"j8objgh",4,1200,0,0.25
"j8p3rzu",4,7748,0,0.25
"j8pj231",2,1985,0,0.5
"j8q7j9x",2,3152,0,0.5
"j8qbjc2",2,401,0,0.5
"j8s9ax5",1,0,0,1
"j8rhpea",2,800,0,0.5
"jf44qc2",2,401,0,0.5
"j8ob148",3,3164,0,0.333333333333333
"j8qswc4",1,0,0,1
"j8q6sir",1,0,0,1
"jpewnjt",1,0,0,1
"j8sxvip",1,0,0,1
"j8o9m7b",3,17391,0,0.333333333333333
"j8uqu4k",3,1595,0,0.333333333333333
"j8rzuvw",1,0,0,1
"j8wjxmz",1,0,0,1
"j8r3gv3",2,401,0,0.5
"j8wjspp",1,0,0,1
"j8rafnc",1,0,0,1
"j8pkr6l",3,801,0,0.333333333333333
"j8pw1u2",2,800,0,0.5
"j8oqrg1",1,0,0,1
"j8pkxuc",1,0,0,1
"j8qu0cc",2,1592,0,0.5
"j8qzep4",2,401,0,0.5
"j8s5h76",2,1592,0,0.5
"j90sepr",2,2765,0,0.5
"j8qt0kx",1,0,0,1
"j8qu04q",2,401,0,0.5
"j8sck7t",1,0,0,1
"j8swfei",1,0,0,1
"j8qe6ox",2,401,0,0.5
"j8olqfc",1,0,0,1
"j8oh2n6",4,2779,0,0.25
"j8pxfof",2,2765,0,0.5
"j8pncnl",3,12293,0,0.333333333333333
"j8pia12",2,800,0,0.5
"j8qkdys",2,4680,0,0.5
"j8r270y",2,4680,0,0.5
"j8r6a0y",2,800,0,0.5
"j8tiugp",1,0,0,1
"j8pvdne",2,401,0,0.5
"j8qry00",1,0,0,1
"j8qawfg",2,401,0,0.5
"j8qkjai",2,1592,0,0.5
"j8qosh0",1,0,0,1
"j8r2gky",1,0,0,1
"j8s5ng5",2,800,0,0.5
"j9nsjek",2,800,0,0.5
"j8ov2g8",1,0,0,1
"j8oyuim",1,0,0,1
"j8pc7ih",1,0,0,1
"j8oj006",1,0,0,1
"j8opvnv",1,0,0,1
"j8pr85t",1,0,0,1
"j8puo8z",2,401,0,0.5
"j8p9ko0",3,4311,0,0.333333333333333
"j8phz2i",2,1985,0,0.5
"j8pwp2p",3,1595,0,0.333333333333333
"j8qkwia",5,2780,0,0.2
"j8s92t3",1,0,0,1
"jbbx963",2,401,0,0.5
"jf4cwv7",1,0,0,1
"j8ocasx",3,1991,0,0.333333333333333
"j8ow23d",2,401,0,0.5
"j8oe4uy",6,17160,0,0.166666666666667
"j8qaydq",2,401,0,0.5
"j94k7t3",1,0,0,1
"j8uxvbv",2,800,0,0.5
"j8rhzan",1,0,0,1
"j8sbpob",1,0,0,1
"j8sed7t",1,0,0,1
"j8rxis1",2,401,0,0.5
"j8ribzd",3,1199,0,0.333333333333333
"j8svx1b",1,0,0,1
"j8swfkc",2,1197,0,0.5
"j929u8v",2,2376,0,0.5
"j8r324k",1,0,0,1
"jmmmiab",1,0,0,1
"j8ovkql",3,1199,0,0.333333333333333
"j8pgr8q",2,401,0,0.5
"j8w3c46",1,0,0,1
"j8pz5xj",2,2376,0,0.5
"j8ppi82",2,10472,0,0.5
"j8qk6ef",2,1197,0,0.5
"j8r6ctu",2,401,0,0.5
"j8r22wq",2,4301,0,0.5
"j8wwlg7",2,4301,0,0.5
"j8r795v",2,401,0,0.5
"j8u1hfx",1,0,0,1
"j8t6gjm",1,0,0,1
"j8qotm4",3,1199,0,0.333333333333333
"j8s6p6p",2,401,0,0.5
"j9ockf1",2,401,0,0.5
"j8srj2y",1,0,0,1
"j8pc11f",5,3558,0,0.2
"j8piuv8",1,0,0,1
"j8pioks",4,1597,0,0.25
"j8qvsrj",1,0,0,1
"j8q8djy",2,800,0,0.5
"j8s86gy",1,0,0,1
"j8qm8ht",2,1197,0,0.5
"j8sl8ir",1,0,0,1
"j8teom7",1,0,0,1
"jbc32e1",1,0,0,1
"j8oiipm",3,801,0,0.333333333333333
"j8qwula",2,401,0,0.5
"j8owuc4",1,0,0,1
"j8p1oos",4,4336,0,0.25
"j8pgb3j",2,1592,0,0.5
"j8oei1s",3,6240,0,0.333333333333333
"j8oq3ky",2,800,0,0.5
"j8oef5i",4,3165,0,0.25
"j8qchuy",1,0,0,1
"j8v8932",2,401,0,0.5
"j8ypz4h",1,0,0,1
"j8rjrrw",1,0,0,1
"j8rocd8",2,401,0,0.5
"j8twbkr",2,800,0,0.5
"j93km2s",2,1985,0,0.5
"j8ow0lj",2,401,0,0.5
"j8rt94b",1,0,0,1
"j8pke7z",1,0,0,1
"j8qc2q1",2,1985,0,0.5
"j8pq8ju",5,10312,0,0.2
"j8rbypc",2,800,0,0.5
"j8s2art",1,0,0,1
"j8sh3wk",2,3920,0,0.5
"j8x18gf",4,3949,0,0.25
"j8re1e4",1,0,0,1
"j8qwwvf",1,0,0,1
"j8s6vxd",2,401,0,0.5
"j8sb3cj",1,0,0,1
"j9ss0sr",1,0,0,1
"j8q7c0v",1,0,0,1
"j8qdufx",3,1991,0,0.333333333333333
"j8qfkpr",1,0,0,1
"j8r3afs",1,0,0,1
"j8plgim",1,0,0,1
"j8pwita",2,401,0,0.5
"j8qxpe9",1,0,0,1
"j8qjefx",2,401,0,0.5
"j8qq9at",3,801,0,0.333333333333333
"j8oucfh",1,0,0,1
"j8rymb9",1,0,0,1
"j8r7iuo",1,0,0,1
"j8p71yh",3,1595,0,0.333333333333333
"j8p76a2",1,0,0,1
"j8w1lka",2,1592,0,0.5
"j8pmhft",3,1199,0,0.333333333333333
"j8poafg",2,2765,0,0.5
"j8oy7q5",3,2777,0,0.333333333333333
"j8oqen6",2,401,0,0.5
"j8ofz0n",1,0,0,1
"j8oo1qe",4,1992,0,0.25
"j8r8y32",1,0,0,1
"j8wifwf",1,0,0,1
"j8tdhgw",1,0,0,1
"j8tybgn",2,401,0,0.5
"j93oh3f",2,1592,0,0.5
"j8pjkrw",1,0,0,1
"j8qdarn",2,1592,0,0.5
"j8qv2gb",10,6287,0,0.1
"j8r3e12",5,2780,0,0.2
"j8qkfr3",1,0,0,1
"j8s99k6",1,0,0,1
"j8sd7sb",2,401,0,0.5
"j8u0yet",2,3537,0,0.5
"j8x6bwr",2,1592,0,0.5
"jen2p63",2,1197,0,0.5
"jptq29u",1,0,0,1
"j8s777i",1,0,0,1
"j8ruy0s",2,401,0,0.5
"j8qip26",2,800,0,0.5
"j8sqx7k",1,0,0,1
"j8qk87n",1,0,0,1
"j8qyt74",1,0,0,1
"j8qtvsz",1,0,0,1
"j8p7ggw",2,800,0,0.5
"j8qau7j",1,0,0,1
"j8wug81",2,1197,0,0.5
"j8qdu42",2,401,0,0.5
"j8s1q2i",1,0,0,1
"j8qgisu",2,2376,0,0.5
"j8p5g5l",2,1197,0,0.5
"j8oyyli",2,800,0,0.5
"j8owt6r",1,0,0,1
"j8owbsy",1,0,0,1
"j8oy4g0",1,0,0,1
"j8oqp3o",2,800,0,0.5
"j8uieoq",1,0,0,1
"j9443dc",2,1197,0,0.5
"j8qgwqr",2,1197,0,0.5
"j8s26j7",2,401,0,0.5
"j8rbhcx",3,801,0,0.333333333333333
"j8r9q77",3,801,0,0.333333333333333
"j8r1vdg",2,401,0,0.5
"j8riazj",2,401,0,0.5
"j8rbpaf",1,0,0,1
"j8rhaog",1,0,0,1
"j8rmwuz",1,0,0,1
"j8t6cmo",1,0,0,1
"j8rb2h9",1,0,0,1
"j8rc0q8",1,0,0,1
"j8rph4x",2,1197,0,0.5
"jgvlq9e",1,0,0,1
"j8u0dj1",1,0,0,1
"j8votog",2,3152,0,0.5
"j8x7uzj",2,1197,0,0.5
"jenxzq6",2,800,0,0.5
"j8rx2y0",1,0,0,1
"j8qivj5",2,401,0,0.5
"j8p83bn",2,401,0,0.5
"j8wwqsk",2,800,0,0.5
"j8r3ems",1,0,0,1
"j8qigky",2,1985,0,0.5
"j8qmmnd",2,800,0,0.5
"j8ozst5",2,401,0,0.5
"j8oqx13",2,401,0,0.5
"j944kry",2,800,0,0.5
"j8qiqkb",2,800,0,0.5
"j96pce2",1,0,0,1
"j8rid8g",1,0,0,1
"j8vb7q8",1,0,0,1
"j8rhk27",1,0,0,1
"jldpn6c",1,0,0,1
"jb07jap",1,0,0,1
"j8s89x7",1,0,0,1
"j8s53r3",2,800,0,0.5
"j8vt7c2",2,2765,0,0.5
"j8x984h",2,800,0,0.5
"jfb4pas",2,401,0,0.5
"j8t1x3z",1,0,0,1
"j8p8fzc",1,0,0,1
"j8x043i",2,401,0,0.5
"j8qjta9",2,1592,0,0.5
"j8qnimr",2,401,0,0.5
"j8qii69",1,0,0,1
"j8oycex",1,0,0,1
"j944p5q",2,401,0,0.5
"j8qkgs4",2,401,0,0.5
"j8sbig2",2,401,0,0.5
"j90zctn",2,2376,0,0.5
"j8xid5y",2,401,0,0.5
"jfboqze",1,0,0,1
"j8x0ulu",1,0,0,1
"j8qk2dl",2,1197,0,0.5
"j8rz61e",1,0,0,1
"j9451gc",1,0,0,1
"j8qlb9y",1,0,0,1
"j8tqk6c",1,0,0,1
"j93svzx",2,1985,0,0.5
"j9njzeu",1,0,0,1
"j8qkr36",2,800,0,0.5
"j93vzil",2,1592,0,0.5
"j8qmcrs",2,401,0,0.5
"j93y5ou",2,1197,0,0.5
"j8qobul",1,0,0,1
"j945di3",2,800,0,0.5
"j94aw22",2,401,0,0.5
"j94f2m7",1,0,0,1
