{
  "scrape_settings": {
    "n_results": "all",
    "style": "raw",
    "url": "https://www.reddit.com/r/gaming/comments/12vl57c/gpus_are_very_expensive_nowadays_what_would_be_a/"
  },
  "data": {
    "submission_metadata": {
      "author": "u/NewArtificialHuman",
      "created_utc": "2023-04-22 18:05:51",
      "distinguished": null,
      "edited": false,
      "is_original_content": false,
      "is_self": true,
      "link_flair_text": null,
      "locked": false,
      "nsfw": false,
      "num_comments": 21,
      "permalink": "/r/gaming/comments/12vl57c/gpus_are_very_expensive_nowadays_what_would_be_a/",
      "score": 5,
      "selftext": "There are a lot of high performance GPUs from the likes of Nvidia and AMD, but few people seem to buy them, they are too expensive!\n\nWhat would be a reasonable price for a high or mid tier GPU, in your opinion?",
      "spoiler": false,
      "stickied": false,
      "subreddit": "gaming",
      "title": "GPUs are very expensive nowadays, what would be a reasonable price for a low, mid and high end GPU for you?",
      "upvote_ratio": 0.7
    },
    "comments": [
      {
        "author": "u/Sleepykitti",
        "body": "comically high end rich boy / actual data science card - 1k\n\nstrong 4k card (80/800 series)- 500-600\n\nstrong 1440p card -(70/700) 300-400\n\nstrong 1080p card - (60/600) 200-300\n\ndecent budget 1080p card(50/500) - 100\n\ntechnically provides video (30/300) - 30-40\n\nAnd that's probably the price list for what they should be in times when pc hardware sales haven't completely collapsed.",
        "body_html": "<div class=\"md\"><p>comically high end rich boy / actual data science card - 1k</p>\n\n<p>strong 4k card (80/800 series)- 500-600</p>\n\n<p>strong 1440p card -(70/700) 300-400</p>\n\n<p>strong 1080p card - (60/600) 200-300</p>\n\n<p>decent budget 1080p card(50/500) - 100</p>\n\n<p>technically provides video (30/300) - 30-40</p>\n\n<p>And that&#39;s probably the price list for what they should be in times when pc hardware sales haven&#39;t completely collapsed.</p>\n</div>",
        "created_utc": "2023-04-22 18:58:42",
        "distinguished": null,
        "edited": false,
        "id": "jhbskvl",
        "is_submitter": false,
        "link_id": "t3_12vl57c",
        "parent_id": "t3_12vl57c",
        "score": 17,
        "stickied": false
      },
      {
        "author": "u/IgotUBro",
        "body": "I am poor so everything is expensive.",
        "body_html": "<div class=\"md\"><p>I am poor so everything is expensive.</p>\n</div>",
        "created_utc": "2023-04-22 21:46:07",
        "distinguished": null,
        "edited": false,
        "id": "jhccvc4",
        "is_submitter": false,
        "link_id": "t3_12vl57c",
        "parent_id": "t3_12vl57c",
        "score": 6,
        "stickied": false
      },
      {
        "author": "[deleted]",
        "body": "[deleted]",
        "body_html": "<div class=\"md\"><p>[deleted]</p>\n</div>",
        "created_utc": "2023-04-22 18:52:59",
        "distinguished": null,
        "edited": false,
        "id": "jhbrven",
        "is_submitter": false,
        "link_id": "t3_12vl57c",
        "parent_id": "t3_12vl57c",
        "score": 2,
        "stickied": false
      },
      {
        "author": "u/QuinSanguine",
        "body": "A high-end GPU today, I would in theory go as high as $699, assuming that would be the lower tier take on the high end. Games today are ridiculously complex and running them at 4k requires a lot of engineering, so I can understand paying a little more but not $1600.\n\nI say in theory because I game at 1080p, I like a smaller screen, less eye fatigue and I don't need more resolution. So I'd pay up to $400 for a mid-range 1080p/1440p GPU.",
        "body_html": "<div class=\"md\"><p>A high-end GPU today, I would in theory go as high as $699, assuming that would be the lower tier take on the high end. Games today are ridiculously complex and running them at 4k requires a lot of engineering, so I can understand paying a little more but not $1600.</p>\n\n<p>I say in theory because I game at 1080p, I like a smaller screen, less eye fatigue and I don&#39;t need more resolution. So I&#39;d pay up to $400 for a mid-range 1080p/1440p GPU.</p>\n</div>",
        "created_utc": "2023-04-22 21:24:12",
        "distinguished": null,
        "edited": false,
        "id": "jhca6oo",
        "is_submitter": false,
        "link_id": "t3_12vl57c",
        "parent_id": "t3_12vl57c",
        "score": 2,
        "stickied": false
      },
      {
        "author": "u/cowvin",
        "body": "Just look at benchmarks for the best card that fits your budget.",
        "body_html": "<div class=\"md\"><p>Just look at benchmarks for the best card that fits your budget.</p>\n</div>",
        "created_utc": "2023-04-23 00:41:33",
        "distinguished": null,
        "edited": false,
        "id": "jhcw6zv",
        "is_submitter": false,
        "link_id": "t3_12vl57c",
        "parent_id": "t3_12vl57c",
        "score": 2,
        "stickied": false
      },
      {
        "author": "u/MooingWaza",
        "body": "900xt/90ti - $1500\n900/90 - $1000\n800xt/80ti - $600\n800/80 - $550\n700xt/70ti - $450\n700/70 - $400\n600xt/60ti - $300\n600/60 - $350\n500xt/50ti -$200\n500/50 - $150\n\nThis assumes amd / nvidia have equivalent products / names. Best of the best can cost however much, as long as it brings down the price of lower end cards. A new console level system should cost 500 total, that's what 50 is for. 60 is the mass appeal level (better than consoles, but cheaper end), 70 higher end (proportionate upgrade from 60), 80 premium (best reasonable option), 90 true top of the line (crazy power draw, crazy price, best performance, bad value)",
        "body_html": "<div class=\"md\"><p>900xt/90ti - $1500\n900/90 - $1000\n800xt/80ti - $600\n800/80 - $550\n700xt/70ti - $450\n700/70 - $400\n600xt/60ti - $300\n600/60 - $350\n500xt/50ti -$200\n500/50 - $150</p>\n\n<p>This assumes amd / nvidia have equivalent products / names. Best of the best can cost however much, as long as it brings down the price of lower end cards. A new console level system should cost 500 total, that&#39;s what 50 is for. 60 is the mass appeal level (better than consoles, but cheaper end), 70 higher end (proportionate upgrade from 60), 80 premium (best reasonable option), 90 true top of the line (crazy power draw, crazy price, best performance, bad value)</p>\n</div>",
        "created_utc": "2023-04-23 01:54:28",
        "distinguished": null,
        "edited": false,
        "id": "jhd2iki",
        "is_submitter": false,
        "link_id": "t3_12vl57c",
        "parent_id": "t3_12vl57c",
        "score": 2,
        "stickied": false
      },
      {
        "author": "u/sulanspiken",
        "body": "200-300$ for a lowend\n\n400-500$ for a midrange\n\n600-800$ for a highend",
        "body_html": "<div class=\"md\"><p>200-300$ for a lowend</p>\n\n<p>400-500$ for a midrange</p>\n\n<p>600-800$ for a highend</p>\n</div>",
        "created_utc": "2023-04-22 19:06:30",
        "distinguished": null,
        "edited": "2023-04-22 19:11:10",
        "id": "jhbtjah",
        "is_submitter": false,
        "link_id": "t3_12vl57c",
        "parent_id": "t3_12vl57c",
        "score": 5,
        "stickied": false
      },
      {
        "author": "u/twonha",
        "body": "Call me old fashioned, but I feel a graphics card shouldn't be more expensive than a console that can sorta match it in terms of visuals / performance. So I'm going to go with:\n\n* \u20ac50-100 low end (720/30/low detail)\n* \u20ac100-200 entry level (1080/30 medium detail)\n* \u20ac200-300 mid-range (1080/60 high detail)\n* \u20ac300-400 high-end (2k/60 high detail -edit- 1440)\n* \u20ac400+ very high end (4k/60 ultra detail)",
        "body_html": "<div class=\"md\"><p>Call me old fashioned, but I feel a graphics card shouldn&#39;t be more expensive than a console that can sorta match it in terms of visuals / performance. So I&#39;m going to go with:</p>\n\n<ul>\n<li>\u20ac50-100 low end (720/30/low detail)</li>\n<li>\u20ac100-200 entry level (1080/30 medium detail)</li>\n<li>\u20ac200-300 mid-range (1080/60 high detail)</li>\n<li>\u20ac300-400 high-end (2k/60 high detail -edit- 1440)</li>\n<li>\u20ac400+ very high end (4k/60 ultra detail)</li>\n</ul>\n</div>",
        "created_utc": "2023-04-22 20:24:08",
        "distinguished": null,
        "edited": "2023-04-25 13:31:40",
        "id": "jhc300x",
        "is_submitter": false,
        "link_id": "t3_12vl57c",
        "parent_id": "t3_12vl57c",
        "score": 1,
        "stickied": false
      },
      {
        "author": "u/LifeOnMarsden",
        "body": "Depends on what resolution and refresh rate you\u2019re targeting, as well as the CPU you\u2019re pairing it with because bottlenecks are a thing",
        "body_html": "<div class=\"md\"><p>Depends on what resolution and refresh rate you\u2019re targeting, as well as the CPU you\u2019re pairing it with because bottlenecks are a thing</p>\n</div>",
        "created_utc": "2023-04-22 18:18:58",
        "distinguished": null,
        "edited": false,
        "id": "jhbno94",
        "is_submitter": false,
        "link_id": "t3_12vl57c",
        "parent_id": "t3_12vl57c",
        "score": 1,
        "stickied": false
      },
      {
        "author": "u/Aleashed",
        "body": "$50 / $600 / $1400\n\nLow / Mid / High",
        "body_html": "<div class=\"md\"><p>$50 / $600 / $1400</p>\n\n<p>Low / Mid / High</p>\n</div>",
        "created_utc": "2023-04-22 18:25:08",
        "distinguished": null,
        "edited": false,
        "id": "jhbogqt",
        "is_submitter": false,
        "link_id": "t3_12vl57c",
        "parent_id": "t3_12vl57c",
        "score": 1,
        "stickied": false
      },
      {
        "author": "u/Exoskeleton78",
        "body": "Buy a game console, problem solved",
        "body_html": "<div class=\"md\"><p>Buy a game console, problem solved</p>\n</div>",
        "created_utc": "2023-04-22 18:13:33",
        "distinguished": null,
        "edited": false,
        "id": "jhbmyp4",
        "is_submitter": false,
        "link_id": "t3_12vl57c",
        "parent_id": "t3_12vl57c",
        "score": -13,
        "stickied": false
      },
      {
        "author": "u/DuskDudeMan",
        "body": " I got an RX 6700 XT for like $369 and I think that's a cool price for one",
        "body_html": "<div class=\"md\"><p>I got an RX 6700 XT for like $369 and I think that&#39;s a cool price for one</p>\n</div>",
        "created_utc": "2023-04-22 22:10:47",
        "distinguished": null,
        "edited": false,
        "id": "jhcfs48",
        "is_submitter": false,
        "link_id": "t3_12vl57c",
        "parent_id": "t3_12vl57c",
        "score": 1,
        "stickied": false
      },
      {
        "author": "u/NewArtificialHuman",
        "body": "That sounds reasonable.",
        "body_html": "<div class=\"md\"><p>That sounds reasonable.</p>\n</div>",
        "created_utc": "2023-04-22 18:54:09",
        "distinguished": null,
        "edited": false,
        "id": "jhbs0na",
        "is_submitter": true,
        "link_id": "t3_12vl57c",
        "parent_id": "t1_jhbrven",
        "score": 1,
        "stickied": false
      },
      {
        "author": "u/Archbound",
        "body": "Yeah this is a reasonable answer,\n\n50 series should be $200\n\n60 $300\n\n70 $400\n\n70ti $500\n\n80 $650\n\n80ti $800\n\n90 $900\n\n90ti $1000\n\nI think would be like an ideal breakdown on the Nvidia side.",
        "body_html": "<div class=\"md\"><p>Yeah this is a reasonable answer,</p>\n\n<p>50 series should be $200</p>\n\n<p>60 $300</p>\n\n<p>70 $400</p>\n\n<p>70ti $500</p>\n\n<p>80 $650</p>\n\n<p>80ti $800</p>\n\n<p>90 $900</p>\n\n<p>90ti $1000</p>\n\n<p>I think would be like an ideal breakdown on the Nvidia side.</p>\n</div>",
        "created_utc": "2023-04-22 21:41:10",
        "distinguished": null,
        "edited": false,
        "id": "jhccaeh",
        "is_submitter": false,
        "link_id": "t3_12vl57c",
        "parent_id": "t1_jhbtjah",
        "score": 2,
        "stickied": false
      },
      {
        "author": "u/PVDamme",
        "body": "Just for your information 2K resolution is 1080.\n\n> 2K resolution is a generic term for display devices or content having a horizontal resolution of approximately 2,000 pixels. In the movie projection industry, Digital Cinema Initiatives is the dominant standard for 2K output and defines a 2K format with a resolution of 2048\u2009\u00d7\u20091080. For television and consumer media, 1920\u2009\u00d7\u20091080 is the most common 2K resolution, but this is normally referred to as 1080p.\n\n\nhttps://en.wikipedia.org/wiki/2K_resolution\n\n16:9 1440 is WQHD",
        "body_html": "<div class=\"md\"><p>Just for your information 2K resolution is 1080.</p>\n\n<blockquote>\n<p>2K resolution is a generic term for display devices or content having a horizontal resolution of approximately 2,000 pixels. In the movie projection industry, Digital Cinema Initiatives is the dominant standard for 2K output and defines a 2K format with a resolution of 2048\u2009\u00d7\u20091080. For television and consumer media, 1920\u2009\u00d7\u20091080 is the most common 2K resolution, but this is normally referred to as 1080p.</p>\n</blockquote>\n\n<p><a href=\"https://en.wikipedia.org/wiki/2K_resolution\">https://en.wikipedia.org/wiki/2K_resolution</a></p>\n\n<p>16:9 1440 is WQHD</p>\n</div>",
        "created_utc": "2023-04-25 06:49:46",
        "distinguished": null,
        "edited": false,
        "id": "jhmxdxf",
        "is_submitter": false,
        "link_id": "t3_12vl57c",
        "parent_id": "t1_jhc300x",
        "score": 3,
        "stickied": false
      },
      {
        "author": "u/NewArtificialHuman",
        "body": "The PS5 costs 550 \u20ac, so perhaps that would be a more appropriate price for a high-end card.\nThe prices you listed are pretty low. I even paid 450 \u20ac for a 1070 ti in 2018.",
        "body_html": "<div class=\"md\"><p>The PS5 costs 550 \u20ac, so perhaps that would be a more appropriate price for a high-end card.\nThe prices you listed are pretty low. I even paid 450 \u20ac for a 1070 ti in 2018.</p>\n</div>",
        "created_utc": "2023-04-22 20:27:37",
        "distinguished": null,
        "edited": false,
        "id": "jhc3fam",
        "is_submitter": true,
        "link_id": "t3_12vl57c",
        "parent_id": "t1_jhc300x",
        "score": 1,
        "stickied": false
      },
      {
        "author": "u/Edgaras1103",
        "body": "How many games are running 4k 60fps on ultra on consoles?",
        "body_html": "<div class=\"md\"><p>How many games are running 4k 60fps on ultra on consoles?</p>\n</div>",
        "created_utc": "2023-04-23 00:15:59",
        "distinguished": null,
        "edited": false,
        "id": "jhctp4c",
        "is_submitter": false,
        "link_id": "t3_12vl57c",
        "parent_id": "t1_jhc300x",
        "score": 1,
        "stickied": false
      },
      {
        "author": "u/NewArtificialHuman",
        "body": "There has to be good synergy with the GPU and CPU, right? So if I buy a high end GPU I need to make sure that I have a good CPU, how can I see which ones fit together and won't bottleneck?",
        "body_html": "<div class=\"md\"><p>There has to be good synergy with the GPU and CPU, right? So if I buy a high end GPU I need to make sure that I have a good CPU, how can I see which ones fit together and won&#39;t bottleneck?</p>\n</div>",
        "created_utc": "2023-04-22 18:56:03",
        "distinguished": null,
        "edited": false,
        "id": "jhbs980",
        "is_submitter": true,
        "link_id": "t3_12vl57c",
        "parent_id": "t1_jhbno94",
        "score": 1,
        "stickied": false
      },
      {
        "author": "u/twonha",
        "body": "You asked what I would find reasonable, not what is reality. I got my GTX1080 second hand for \u20ac300 in 2020, and it does exactly what I'd want a \u20ac300 card to do - play games at 60fps at 1080p or (preferably) 2k.",
        "body_html": "<div class=\"md\"><p>You asked what I would find reasonable, not what is reality. I got my GTX1080 second hand for \u20ac300 in 2020, and it does exactly what I&#39;d want a \u20ac300 card to do - play games at 60fps at 1080p or (preferably) 2k.</p>\n</div>",
        "created_utc": "2023-04-23 03:51:53",
        "distinguished": null,
        "edited": false,
        "id": "jhdb3oq",
        "is_submitter": false,
        "link_id": "t3_12vl57c",
        "parent_id": "t1_jhc3fam",
        "score": 1,
        "stickied": false
      },
      {
        "author": "u/SnowyGyro",
        "body": "Yeah there are masses of benchmarks to pour over to get at the best answers to this problem, and rules of thumb derived from such to avoid doing that to excess.\n\nAs it is the most powerful GPUs on the market are bottlenecked by every CPU there is for some of the lower resolutions, but show something like their full potential at high resolutions and framerates. This can make selecting a resolution/framerate target a good first step for looking at hardware, and given that graphics cards are the single most important and expensive part in reasonable builds they should be the next step.\n\nIt's a multi variable problem.",
        "body_html": "<div class=\"md\"><p>Yeah there are masses of benchmarks to pour over to get at the best answers to this problem, and rules of thumb derived from such to avoid doing that to excess.</p>\n\n<p>As it is the most powerful GPUs on the market are bottlenecked by every CPU there is for some of the lower resolutions, but show something like their full potential at high resolutions and framerates. This can make selecting a resolution/framerate target a good first step for looking at hardware, and given that graphics cards are the single most important and expensive part in reasonable builds they should be the next step.</p>\n\n<p>It&#39;s a multi variable problem.</p>\n</div>",
        "created_utc": "2023-04-22 19:25:13",
        "distinguished": null,
        "edited": false,
        "id": "jhbvtnq",
        "is_submitter": false,
        "link_id": "t3_12vl57c",
        "parent_id": "t1_jhbs980",
        "score": 1,
        "stickied": false
      },
      {
        "author": "u/StunPumpkin",
        "body": "If you are doing a lot of CPU intensive tasks all at once, then it will almost always bottleneck the GPU, regardless of what CPU you have because it won't allow the GPU to perform at its highest potential. A modern CPU with high cores, threads, and base/boost clock, will be fine in most scenarios. The higher end you buy the more tasks you can throw at it before the bottleneck occurs.",
        "body_html": "<div class=\"md\"><p>If you are doing a lot of CPU intensive tasks all at once, then it will almost always bottleneck the GPU, regardless of what CPU you have because it won&#39;t allow the GPU to perform at its highest potential. A modern CPU with high cores, threads, and base/boost clock, will be fine in most scenarios. The higher end you buy the more tasks you can throw at it before the bottleneck occurs.</p>\n</div>",
        "created_utc": "2023-04-22 19:57:48",
        "distinguished": null,
        "edited": false,
        "id": "jhbzt3b",
        "is_submitter": false,
        "link_id": "t3_12vl57c",
        "parent_id": "t1_jhbs980",
        "score": 1,
        "stickied": false
      }
    ]
  }
}