author,body,body_html,created_utc,distinguished,edited,id,is_submitter,link_id,parent_id,score,stickied
u/Sleepykitti,"comically high end rich boy / actual data science card - 1k

strong 4k card (80/800 series)- 500-600

strong 1440p card -(70/700) 300-400

strong 1080p card - (60/600) 200-300

decent budget 1080p card(50/500) - 100

technically provides video (30/300) - 30-40

And that's probably the price list for what they should be in times when pc hardware sales haven't completely collapsed.","<div class=""md""><p>comically high end rich boy / actual data science card - 1k</p>

<p>strong 4k card (80/800 series)- 500-600</p>

<p>strong 1440p card -(70/700) 300-400</p>

<p>strong 1080p card - (60/600) 200-300</p>

<p>decent budget 1080p card(50/500) - 100</p>

<p>technically provides video (30/300) - 30-40</p>

<p>And that&#39;s probably the price list for what they should be in times when pc hardware sales haven&#39;t completely collapsed.</p>
</div>",4/22/2023 18:58,,FALSE,jhbskvl,FALSE,t3_12vl57c,t3_12vl57c,17,FALSE
u/IgotUBro,I am poor so everything is expensive.,"<div class=""md""><p>I am poor so everything is expensive.</p>
</div>",4/22/2023 21:46,,FALSE,jhccvc4,FALSE,t3_12vl57c,t3_12vl57c,6,FALSE
[deleted],[deleted],"<div class=""md""><p>[deleted]</p>
</div>",4/22/2023 18:52,,FALSE,jhbrven,FALSE,t3_12vl57c,t3_12vl57c,2,FALSE
u/QuinSanguine,"A high-end GPU today, I would in theory go as high as $699, assuming that would be the lower tier take on the high end. Games today are ridiculously complex and running them at 4k requires a lot of engineering, so I can understand paying a little more but not $1600.

I say in theory because I game at 1080p, I like a smaller screen, less eye fatigue and I don't need more resolution. So I'd pay up to $400 for a mid-range 1080p/1440p GPU.","<div class=""md""><p>A high-end GPU today, I would in theory go as high as $699, assuming that would be the lower tier take on the high end. Games today are ridiculously complex and running them at 4k requires a lot of engineering, so I can understand paying a little more but not $1600.</p>

<p>I say in theory because I game at 1080p, I like a smaller screen, less eye fatigue and I don&#39;t need more resolution. So I&#39;d pay up to $400 for a mid-range 1080p/1440p GPU.</p>
</div>",4/22/2023 21:24,,FALSE,jhca6oo,FALSE,t3_12vl57c,t3_12vl57c,2,FALSE
u/cowvin,Just look at benchmarks for the best card that fits your budget.,"<div class=""md""><p>Just look at benchmarks for the best card that fits your budget.</p>
</div>",4/23/2023 0:41,,FALSE,jhcw6zv,FALSE,t3_12vl57c,t3_12vl57c,2,FALSE
u/MooingWaza,"900xt/90ti - $1500
900/90 - $1000
800xt/80ti - $600
800/80 - $550
700xt/70ti - $450
700/70 - $400
600xt/60ti - $300
600/60 - $350
500xt/50ti -$200
500/50 - $150

This assumes amd / nvidia have equivalent products / names. Best of the best can cost however much, as long as it brings down the price of lower end cards. A new console level system should cost 500 total, that's what 50 is for. 60 is the mass appeal level (better than consoles, but cheaper end), 70 higher end (proportionate upgrade from 60), 80 premium (best reasonable option), 90 true top of the line (crazy power draw, crazy price, best performance, bad value)","<div class=""md""><p>900xt/90ti - $1500
900/90 - $1000
800xt/80ti - $600
800/80 - $550
700xt/70ti - $450
700/70 - $400
600xt/60ti - $300
600/60 - $350
500xt/50ti -$200
500/50 - $150</p>

<p>This assumes amd / nvidia have equivalent products / names. Best of the best can cost however much, as long as it brings down the price of lower end cards. A new console level system should cost 500 total, that&#39;s what 50 is for. 60 is the mass appeal level (better than consoles, but cheaper end), 70 higher end (proportionate upgrade from 60), 80 premium (best reasonable option), 90 true top of the line (crazy power draw, crazy price, best performance, bad value)</p>
</div>",4/23/2023 1:54,,FALSE,jhd2iki,FALSE,t3_12vl57c,t3_12vl57c,2,FALSE
u/sulanspiken,"200-300$ for a lowend

400-500$ for a midrange

600-800$ for a highend","<div class=""md""><p>200-300$ for a lowend</p>

<p>400-500$ for a midrange</p>

<p>600-800$ for a highend</p>
</div>",4/22/2023 19:06,,4/22/2023 19:11,jhbtjah,FALSE,t3_12vl57c,t3_12vl57c,5,FALSE
u/twonha,"Call me old fashioned, but I feel a graphics card shouldn't be more expensive than a console that can sorta match it in terms of visuals / performance. So I'm going to go with:

* €50-100 low end (720/30/low detail)
* €100-200 entry level (1080/30 medium detail)
* €200-300 mid-range (1080/60 high detail)
* €300-400 high-end (2k/60 high detail -edit- 1440)
* €400+ very high end (4k/60 ultra detail)","<div class=""md""><p>Call me old fashioned, but I feel a graphics card shouldn&#39;t be more expensive than a console that can sorta match it in terms of visuals / performance. So I&#39;m going to go with:</p>

<ul>
<li>€50-100 low end (720/30/low detail)</li>
<li>€100-200 entry level (1080/30 medium detail)</li>
<li>€200-300 mid-range (1080/60 high detail)</li>
<li>€300-400 high-end (2k/60 high detail -edit- 1440)</li>
<li>€400+ very high end (4k/60 ultra detail)</li>
</ul>
</div>",4/22/2023 20:24,,4/25/2023 13:31,jhc300x,FALSE,t3_12vl57c,t3_12vl57c,1,FALSE
u/LifeOnMarsden,"Depends on what resolution and refresh rate you’re targeting, as well as the CPU you’re pairing it with because bottlenecks are a thing","<div class=""md""><p>Depends on what resolution and refresh rate you’re targeting, as well as the CPU you’re pairing it with because bottlenecks are a thing</p>
</div>",4/22/2023 18:18,,FALSE,jhbno94,FALSE,t3_12vl57c,t3_12vl57c,1,FALSE
u/Aleashed,"$50 / $600 / $1400

Low / Mid / High","<div class=""md""><p>$50 / $600 / $1400</p>

<p>Low / Mid / High</p>
</div>",4/22/2023 18:25,,FALSE,jhbogqt,FALSE,t3_12vl57c,t3_12vl57c,1,FALSE
u/Exoskeleton78,"Buy a game console, problem solved","<div class=""md""><p>Buy a game console, problem solved</p>
</div>",4/22/2023 18:13,,FALSE,jhbmyp4,FALSE,t3_12vl57c,t3_12vl57c,-13,FALSE
u/DuskDudeMan, I got an RX 6700 XT for like $369 and I think that's a cool price for one,"<div class=""md""><p>I got an RX 6700 XT for like $369 and I think that&#39;s a cool price for one</p>
</div>",4/22/2023 22:10,,FALSE,jhcfs48,FALSE,t3_12vl57c,t3_12vl57c,1,FALSE
u/NewArtificialHuman,That sounds reasonable.,"<div class=""md""><p>That sounds reasonable.</p>
</div>",4/22/2023 18:54,,FALSE,jhbs0na,TRUE,t3_12vl57c,t1_jhbrven,1,FALSE
u/Archbound,"Yeah this is a reasonable answer,

50 series should be $200

60 $300

70 $400

70ti $500

80 $650

80ti $800

90 $900

90ti $1000

I think would be like an ideal breakdown on the Nvidia side.","<div class=""md""><p>Yeah this is a reasonable answer,</p>

<p>50 series should be $200</p>

<p>60 $300</p>

<p>70 $400</p>

<p>70ti $500</p>

<p>80 $650</p>

<p>80ti $800</p>

<p>90 $900</p>

<p>90ti $1000</p>

<p>I think would be like an ideal breakdown on the Nvidia side.</p>
</div>",4/22/2023 21:41,,FALSE,jhccaeh,FALSE,t3_12vl57c,t1_jhbtjah,2,FALSE
u/PVDamme,"Just for your information 2K resolution is 1080.

> 2K resolution is a generic term for display devices or content having a horizontal resolution of approximately 2,000 pixels. In the movie projection industry, Digital Cinema Initiatives is the dominant standard for 2K output and defines a 2K format with a resolution of 2048 × 1080. For television and consumer media, 1920 × 1080 is the most common 2K resolution, but this is normally referred to as 1080p.


https://en.wikipedia.org/wiki/2K_resolution

16:9 1440 is WQHD","<div class=""md""><p>Just for your information 2K resolution is 1080.</p>

<blockquote>
<p>2K resolution is a generic term for display devices or content having a horizontal resolution of approximately 2,000 pixels. In the movie projection industry, Digital Cinema Initiatives is the dominant standard for 2K output and defines a 2K format with a resolution of 2048 × 1080. For television and consumer media, 1920 × 1080 is the most common 2K resolution, but this is normally referred to as 1080p.</p>
</blockquote>

<p><a href=""https://en.wikipedia.org/wiki/2K_resolution"">https://en.wikipedia.org/wiki/2K_resolution</a></p>

<p>16:9 1440 is WQHD</p>
</div>",4/25/2023 6:49,,FALSE,jhmxdxf,FALSE,t3_12vl57c,t1_jhc300x,3,FALSE
u/NewArtificialHuman,"The PS5 costs 550 €, so perhaps that would be a more appropriate price for a high-end card.
The prices you listed are pretty low. I even paid 450 € for a 1070 ti in 2018.","<div class=""md""><p>The PS5 costs 550 €, so perhaps that would be a more appropriate price for a high-end card.
The prices you listed are pretty low. I even paid 450 € for a 1070 ti in 2018.</p>
</div>",4/22/2023 20:27,,FALSE,jhc3fam,TRUE,t3_12vl57c,t1_jhc300x,1,FALSE
u/Edgaras1103,How many games are running 4k 60fps on ultra on consoles?,"<div class=""md""><p>How many games are running 4k 60fps on ultra on consoles?</p>
</div>",4/23/2023 0:15,,FALSE,jhctp4c,FALSE,t3_12vl57c,t1_jhc300x,1,FALSE
u/NewArtificialHuman,"There has to be good synergy with the GPU and CPU, right? So if I buy a high end GPU I need to make sure that I have a good CPU, how can I see which ones fit together and won't bottleneck?","<div class=""md""><p>There has to be good synergy with the GPU and CPU, right? So if I buy a high end GPU I need to make sure that I have a good CPU, how can I see which ones fit together and won&#39;t bottleneck?</p>
</div>",4/22/2023 18:56,,FALSE,jhbs980,TRUE,t3_12vl57c,t1_jhbno94,1,FALSE
u/twonha,"You asked what I would find reasonable, not what is reality. I got my GTX1080 second hand for €300 in 2020, and it does exactly what I'd want a €300 card to do - play games at 60fps at 1080p or (preferably) 2k.","<div class=""md""><p>You asked what I would find reasonable, not what is reality. I got my GTX1080 second hand for €300 in 2020, and it does exactly what I&#39;d want a €300 card to do - play games at 60fps at 1080p or (preferably) 2k.</p>
</div>",4/23/2023 3:51,,FALSE,jhdb3oq,FALSE,t3_12vl57c,t1_jhc3fam,1,FALSE
u/SnowyGyro,"Yeah there are masses of benchmarks to pour over to get at the best answers to this problem, and rules of thumb derived from such to avoid doing that to excess.

As it is the most powerful GPUs on the market are bottlenecked by every CPU there is for some of the lower resolutions, but show something like their full potential at high resolutions and framerates. This can make selecting a resolution/framerate target a good first step for looking at hardware, and given that graphics cards are the single most important and expensive part in reasonable builds they should be the next step.

It's a multi variable problem.","<div class=""md""><p>Yeah there are masses of benchmarks to pour over to get at the best answers to this problem, and rules of thumb derived from such to avoid doing that to excess.</p>

<p>As it is the most powerful GPUs on the market are bottlenecked by every CPU there is for some of the lower resolutions, but show something like their full potential at high resolutions and framerates. This can make selecting a resolution/framerate target a good first step for looking at hardware, and given that graphics cards are the single most important and expensive part in reasonable builds they should be the next step.</p>

<p>It&#39;s a multi variable problem.</p>
</div>",4/22/2023 19:25,,FALSE,jhbvtnq,FALSE,t3_12vl57c,t1_jhbs980,1,FALSE
u/StunPumpkin,"If you are doing a lot of CPU intensive tasks all at once, then it will almost always bottleneck the GPU, regardless of what CPU you have because it won't allow the GPU to perform at its highest potential. A modern CPU with high cores, threads, and base/boost clock, will be fine in most scenarios. The higher end you buy the more tasks you can throw at it before the bottleneck occurs.","<div class=""md""><p>If you are doing a lot of CPU intensive tasks all at once, then it will almost always bottleneck the GPU, regardless of what CPU you have because it won&#39;t allow the GPU to perform at its highest potential. A modern CPU with high cores, threads, and base/boost clock, will be fine in most scenarios. The higher end you buy the more tasks you can throw at it before the bottleneck occurs.</p>
</div>",4/22/2023 19:57,,FALSE,jhbzt3b,FALSE,t3_12vl57c,t1_jhbs980,1,FALSE
